fecha,ciudad,temperatura_max,temperatura_min,temperatura_promedio,humedad,precipitacion_mm,velocidad_viento_kmh
2024-01-01,Ciudad de México,19.9,12.8,16.7,88.3,2.3,24.0
2024-01-02,Ciudad de México,19.4,11.6,15.6,55.7,12.5,16.9
2024-01-03,Ciudad de México,25.8,11.1,18.2,81.3,4.2,14.7
2024-01-04,Ciudad de México,22.9,10.4,16.6,41.3,6.8,32.1
2024-01-05,Ciudad de México,24.2,14.7,20.7,64.3,3.0,32.8
2024-01-06,Ciudad de México,23.7,11.8,19.4,44.9,6.7,14.8
2024-01-07,Ciudad de México,23.1,14.8,19.0,55.3,3.6,10.3
2024-01-08,Ciudad de México,22.0,12.1,18.6,51.8,4.5,31.1
2024-01-09,Ciudad de México,28.5,13.6,21.5,69.9,2.7,24.4
2024-01-10,Ciudad de México,27.7,15.9,23.2,88.0,12.1,7.6
2024-01-11,Ciudad de México,26.8,14.2,20.4,60.1,3.4,14.2
2024-01-12,Ciudad de México,31.2,15.6,23.3,86.7,4.6,19.1
2024-01-13,Ciudad de México,24.1,15.9,20.4,47.0,5.9,14.2
2024-01-14,Ciudad de México,22.3,10.3,17.6,51.7,,23.9
2024-01-15,Ciudad de México,27.4,11.8,19.4,51.1,6.5,12.7
2024-01-16,Ciudad de México,19.3,10.1,15.4,41.7,5.4,17.5
2024-01-17,Ciudad de México,24.3,13.7,18.9,83.5,2.9,19.0
2024-01-18,Ciudad de México,30.6,15.9,23.2,73.7,3.8,13.3
2024-01-19,Ciudad de México,27.7,16.0,23.2,53.0,8.8,16.3
2024-01-20,Ciudad de México,24.5,13.7,17.2,67.7,23.9,13.4
2024-01-21,Ciudad de México,28.0,14.0,21.3,76.1,8.2,26.2
2024-01-22,Ciudad de México,19.9,9.9,16.6,75.6,2.5,27.5
2024-01-23,Ciudad de México,26.5,16.0,22.1,44.1,2.5,27.2
2024-01-24,Ciudad de México,30.2,15.9,22.8,73.6,7.5,21.0
2024-01-25,Ciudad de México,26.3,15.0,21.9,84.3,0.7,30.9
2024-01-26,Ciudad de México,28.1,16.2,20.9,87.7,0.9,5.5
2024-01-27,Ciudad de México,24.4,15.4,20.5,43.1,1.8,15.9
2024-01-28,Ciudad de México,28.4,14.7,21.4,66.9,4.8,15.2
2024-01-29,Ciudad de México,30.9,16.1,23.7,75.9,1.6,14.8
2024-01-30,Ciudad de México,29.2,20.3,25.5,64.1,4.4,8.5
2024-01-31,Ciudad de México,23.6,13.5,20.5,89.0,11.6,20.1
2024-02-01,Ciudad de México,25.5,13.0,19.5,49.7,14.0,29.9
2024-02-02,Ciudad de México,23.9,14.0,17.6,60.1,15.4,11.6
2024-02-03,Ciudad de México,26.5,12.0,18.7,75.0,2.4,8.5
2024-02-04,Ciudad de México,28.0,15.3,20.9,71.0,16.4,19.3
2024-02-05,Ciudad de México,28.9,17.5,22.7,66.6,11.9,29.8
2024-02-06,Ciudad de México,29.4,16.5,22.3,73.6,5.9,23.6
2024-02-07,Ciudad de México,28.3,18.4,22.6,61.3,9.5,24.7
2024-02-08,Ciudad de México,29.1,17.6,23.2,78.0,5.4,10.8
2024-02-09,Ciudad de México,19.4,8.9,14.5,60.7,0.3,17.4
2024-02-10,Ciudad de México,28.8,14.9,21.6,58.0,2.7,11.1
2024-02-11,Ciudad de México,22.7,12.8,17.0,82.4,5.9,12.4
2024-02-12,Ciudad de México,23.3,13.8,19.7,69.1,10.4,12.2
2024-02-13,Ciudad de México,19.6,8.8,16.2,76.4,3.5,23.0
2024-02-14,Ciudad de México,25.6,19.0,22.1,65.1,4.4,22.4
2024-02-15,Ciudad de México,26.6,17.0,21.1,83.6,3.8,19.6
2024-02-16,Ciudad de México,24.4,11.1,18.3,49.5,9.2,21.6
2024-02-17,Ciudad de México,24.4,13.2,19.8,79.8,0.8,34.6
2024-02-18,Ciudad de México,27.7,17.3,23.0,42.1,12.0,18.4
2024-02-19,Ciudad de México,31.1,19.7,25.8,64.0,0.8,11.6
2024-02-20,Ciudad de México,27.9,19.3,22.5,59.0,2.2,20.9
2024-02-21,Ciudad de México,33.7,22.1,26.6,88.1,1.2,23.5
2024-02-22,Ciudad de México,30.9,20.2,25.3,42.7,11.5,15.7
2024-02-23,Ciudad de México,22.4,12.1,18.7,82.8,1.0,19.8
2024-02-24,Ciudad de México,29.4,19.8,24.4,86.8,6.9,19.9
2024-02-25,Ciudad de México,27.8,19.2,23.1,67.8,10.5,11.2
2024-02-26,Ciudad de México,30.6,19.1,26.2,77.0,1.8,8.6
2024-02-27,Ciudad de México,26.5,14.1,20.9,81.8,2.7,32.9
2024-02-28,Ciudad de México,23.9,13.1,19.6,49.6,10.5,21.0
2024-02-29,Ciudad de México,29.4,20.7,24.0,48.7,7.4,26.4
2024-03-01,Ciudad de México,26.5,19.2,22.8,76.1,9.3,14.9
2024-03-02,Ciudad de México,25.2,16.0,21.0,54.0,5.0,26.8
2024-03-03,Ciudad de México,27.5,15.7,20.6,65.3,8.6,27.5
2024-03-04,Ciudad de México,24.7,13.9,21.4,59.4,6.2,26.7
2024-03-05,Ciudad de México,27.5,15.7,22.9,42.0,5.6,23.7
2024-03-06,Ciudad de México,28.3,17.3,21.9,49.0,3.4,18.7
2024-03-07,Ciudad de México,33.8,21.7,27.0,82.3,4.5,12.7
2024-03-08,Ciudad de México,29.2,16.0,21.3,79.6,10.7,17.7
2024-03-09,Ciudad de México,32.8,19.3,27.0,52.5,2.5,16.8
2024-03-10,Ciudad de México,30.4,19.4,25.6,57.5,6.4,31.5
2024-03-11,Ciudad de México,29.1,13.8,21.2,68.2,1.3,13.5
2024-03-12,Ciudad de México,32.7,21.8,26.3,50.1,5.2,10.1
2024-03-13,Ciudad de México,25.8,18.4,22.2,67.4,2.4,6.9
2024-03-14,Ciudad de México,25.1,16.1,19.6,77.6,2.8,27.3
2024-03-15,Ciudad de México,32.6,23.1,26.2,59.7,5.4,15.4
2024-03-16,Ciudad de México,27.1,17.5,21.4,76.0,6.8,14.5
2024-03-17,Ciudad de México,28.9,17.6,22.6,54.9,11.3,9.6
2024-03-18,Ciudad de México,25.6,11.4,19.1,89.8,3.2,12.6
2024-03-19,Ciudad de México,30.4,18.6,26.4,57.1,4.3,30.2
2024-03-20,Ciudad de México,24.2,16.2,21.1,55.1,9.9,20.2
2024-03-21,Ciudad de México,34.1,24.4,28.0,88.8,,18.4
2024-03-22,Ciudad de México,30.5,21.9,27.0,71.4,4.8,23.8
2024-03-23,Ciudad de México,24.6,16.3,20.3,87.7,1.0,6.4
2024-03-24,Ciudad de México,24.1,13.8,19.9,72.0,0.9,27.2
2024-03-25,Ciudad de México,33.5,23.2,29.1,64.5,7.6,12.3
2024-03-26,Ciudad de México,28.4,19.8,24.2,58.5,4.2,8.5
2024-03-27,Ciudad de México,31.5,23.7,28.4,79.8,8.8,13.5
2024-03-28,Ciudad de México,26.1,14.7,18.4,79.9,7.4,27.5
2024-03-29,Ciudad de México,30.7,18.1,23.4,58.0,0.6,26.5
2024-03-30,Ciudad de México,29.6,19.7,25.1,77.8,4.7,30.9
2024-03-31,Ciudad de México,29.0,21.1,24.9,43.1,6.6,14.3
2024-04-01,Ciudad de México,30.4,17.0,23.2,70.8,0.2,20.4
2024-04-02,Ciudad de México,29.5,19.4,22.4,62.8,2.8,6.6
2024-04-03,Ciudad de México,22.9,11.6,18.1,66.1,3.8,33.8
2024-04-04,Ciudad de México,30.2,23.6,26.8,41.0,8.0,17.4
2024-04-05,Ciudad de México,27.2,17.0,22.8,45.6,8.4,22.1
2024-04-06,Ciudad de México,30.7,16.3,23.2,64.4,5.3,12.9
2024-04-07,Ciudad de México,26.4,16.5,21.1,87.6,7.5,29.6
2024-04-08,Ciudad de México,30.5,20.3,25.5,76.5,3.1,8.5
2024-04-09,Ciudad de México,29.8,17.0,22.4,75.6,1.2,28.8
2024-04-10,Ciudad de México,27.1,13.3,21.0,74.0,17.0,28.6
2024-04-11,Ciudad de México,29.8,21.0,26.7,74.4,2.5,33.7
2024-04-12,Ciudad de México,29.2,17.6,25.0,44.8,4.7,13.9
2024-04-13,Ciudad de México,25.9,16.1,22.5,46.7,6.3,31.9
2024-04-14,Ciudad de México,27.1,19.7,23.9,41.6,5.7,15.1
2024-04-15,Ciudad de México,23.1,12.6,16.6,77.5,3.1,10.5
2024-04-16,Ciudad de México,27.2,14.4,21.6,44.0,9.8,12.3
2024-04-17,Ciudad de México,32.0,19.1,26.7,73.0,2.1,22.4
2024-04-18,Ciudad de México,28.5,18.3,21.9,70.0,8.8,30.1
2024-04-19,Ciudad de México,36.1,24.0,31.5,48.0,3.2,11.9
2024-04-20,Ciudad de México,24.0,13.3,20.5,46.9,5.3,27.9
2024-04-21,Ciudad de México,28.8,16.3,23.2,66.1,11.2,5.1
2024-04-22,Ciudad de México,31.7,19.6,24.5,64.8,5.0,13.3
2024-04-23,Ciudad de México,26.9,15.5,21.9,80.7,2.6,8.6
2024-04-24,Ciudad de México,26.6,18.3,22.5,83.9,2.6,26.5
2024-04-25,Ciudad de México,31.9,22.3,25.3,65.5,2.5,31.0
2024-04-26,Ciudad de México,27.1,17.4,21.9,75.8,10.1,13.0
2024-04-27,Ciudad de México,26.7,16.9,19.9,72.2,,12.0
2024-04-28,Ciudad de México,24.3,13.0,20.4,62.2,8.3,30.9
2024-04-29,Ciudad de México,31.2,20.9,25.9,61.6,22.3,5.1
2024-04-30,Ciudad de México,29.4,18.9,22.8,67.3,0.9,18.3
2024-05-01,Ciudad de México,26.7,14.6,22.2,46.2,3.5,6.6
2024-05-02,Ciudad de México,32.6,22.9,28.1,48.2,0.6,23.6
2024-05-03,Ciudad de México,30.2,18.9,24.1,41.9,3.9,27.9
2024-05-04,Ciudad de México,28.9,17.5,24.7,44.3,3.0,20.0
2024-05-05,Ciudad de México,24.2,11.1,19.1,51.0,2.3,22.6
2024-05-06,Ciudad de México,37.7,27.1,31.4,85.5,1.2,8.9
2024-05-07,Ciudad de México,29.0,18.3,24.4,51.0,12.0,32.0
2024-05-08,Ciudad de México,28.2,13.3,21.1,62.7,2.1,22.2
2024-05-09,Ciudad de México,26.6,14.3,21.3,70.1,1.6,34.9
2024-05-10,Ciudad de México,19.8,13.3,16.7,74.0,1.9,20.4
2024-05-11,Ciudad de México,23.8,10.2,16.9,69.4,6.1,7.9
2024-05-12,Ciudad de México,29.4,15.0,22.2,63.2,2.8,33.4
2024-05-13,Ciudad de México,27.3,15.0,19.7,85.7,10.2,26.0
2024-05-14,Ciudad de México,27.8,20.0,23.3,57.2,2.7,9.2
2024-05-15,Ciudad de México,29.1,14.7,22.5,89.2,10.6,20.0
2024-05-16,Ciudad de México,27.4,17.8,21.5,86.9,2.7,15.0
2024-05-17,Ciudad de México,19.7,9.3,15.5,41.2,5.5,24.0
2024-05-18,Ciudad de México,32.5,21.0,26.9,74.2,8.9,10.7
2024-05-19,Ciudad de México,29.2,16.4,24.2,59.8,5.3,11.1
2024-05-20,Ciudad de México,26.1,12.4,18.1,54.2,1.0,26.5
2024-05-21,Ciudad de México,26.5,12.6,20.1,74.5,9.9,27.8
2024-05-22,Ciudad de México,24.0,14.5,17.9,65.6,1.5,14.7
2024-05-23,Ciudad de México,24.5,14.2,17.6,73.0,,33.5
2024-05-24,Ciudad de México,28.7,21.1,24.2,61.6,7.9,11.5
2024-05-25,Ciudad de México,25.2,15.9,19.1,64.2,8.0,31.9
2024-05-26,Ciudad de México,24.5,13.9,18.6,81.6,9.3,10.0
2024-05-27,Ciudad de México,23.8,12.9,20.8,85.3,0.9,10.9
2024-05-28,Ciudad de México,27.7,15.9,19.9,70.7,6.0,10.7
2024-05-29,Ciudad de México,21.8,10.9,16.2,43.6,,20.4
2024-05-30,Ciudad de México,29.3,20.2,23.7,61.2,14.8,21.3
2024-05-31,Ciudad de México,23.0,15.4,19.5,48.2,3.9,11.5
2024-06-01,Ciudad de México,21.1,14.7,17.8,45.1,4.1,9.2
2024-06-02,Ciudad de México,21.8,12.0,16.7,49.2,4.9,11.8
2024-06-03,Ciudad de México,23.4,12.3,19.7,53.8,7.2,18.5
2024-06-04,Ciudad de México,24.6,15.0,19.1,43.9,2.3,33.2
2024-06-05,Ciudad de México,28.5,16.5,20.7,71.2,10.3,5.1
2024-06-06,Ciudad de México,23.7,15.2,19.9,55.8,7.9,18.7
2024-06-07,Ciudad de México,26.7,15.7,23.2,86.8,8.9,5.2
2024-06-08,Ciudad de México,27.5,17.1,20.4,60.7,1.8,28.1
2024-06-09,Ciudad de México,28.3,14.2,22.2,57.2,5.3,11.4
2024-06-10,Ciudad de México,26.3,15.4,19.4,53.0,4.3,20.4
2024-06-11,Ciudad de México,23.8,9.8,17.3,46.9,6.7,28.6
2024-06-12,Ciudad de México,21.1,12.4,16.9,64.2,5.6,15.8
2024-06-13,Ciudad de México,24.5,12.2,17.7,46.4,0.9,24.0
2024-06-14,Ciudad de México,28.9,16.8,21.6,59.5,2.1,9.6
2024-06-15,Ciudad de México,28.0,18.8,21.9,72.2,3.6,10.2
2024-06-16,Ciudad de México,20.2,6.7,14.1,88.0,7.8,15.3
2024-06-17,Ciudad de México,19.7,10.2,16.6,87.3,2.1,11.0
2024-06-18,Ciudad de México,31.9,18.4,25.1,47.3,3.7,16.5
2024-06-19,Ciudad de México,24.7,16.1,20.9,62.0,5.5,27.2
2024-06-20,Ciudad de México,20.0,11.1,16.8,42.6,4.0,26.1
2024-06-21,Ciudad de México,24.8,14.1,19.3,46.5,8.3,5.0
2024-06-22,Ciudad de México,23.6,11.0,17.6,70.9,8.2,19.6
2024-06-23,Ciudad de México,24.8,11.0,17.2,84.9,1.7,18.8
2024-06-24,Ciudad de México,22.1,13.7,18.2,42.5,11.0,33.0
2024-06-25,Ciudad de México,21.9,13.3,18.2,41.4,3.7,26.4
2024-06-26,Ciudad de México,26.5,16.8,21.4,88.1,7.0,17.4
2024-06-27,Ciudad de México,21.8,12.8,18.3,41.2,1.3,34.9
2024-06-28,Ciudad de México,23.9,9.7,16.9,71.8,4.3,26.1
2024-06-29,Ciudad de México,24.7,15.8,20.2,89.9,4.0,24.5
2024-06-30,Ciudad de México,28.0,18.2,21.3,46.1,8.7,9.0
2024-07-01,Ciudad de México,22.4,11.6,18.8,47.0,3.2,25.2
2024-07-02,Ciudad de México,24.5,13.3,18.0,50.8,3.2,34.0
2024-07-03,Ciudad de México,23.4,12.0,19.7,49.1,10.5,17.0
2024-07-04,Ciudad de México,23.4,13.6,17.9,75.1,6.5,6.5
2024-07-05,Ciudad de México,20.4,5.1,12.7,75.7,10.3,25.0
2024-07-06,Ciudad de México,22.7,14.0,18.6,81.0,3.4,30.8
2024-07-07,Ciudad de México,22.4,12.8,19.0,78.1,1.4,13.0
2024-07-08,Ciudad de México,23.3,12.6,19.3,83.3,5.7,25.1
2024-07-09,Ciudad de México,20.1,12.6,15.6,88.2,8.6,27.9
2024-07-10,Ciudad de México,20.5,13.9,17.0,70.8,2.5,32.1
2024-07-11,Ciudad de México,19.8,10.8,15.4,78.2,6.2,16.6
2024-07-12,Ciudad de México,19.9,10.2,15.5,45.8,4.6,30.6
2024-07-13,Ciudad de México,18.7,9.3,14.7,58.1,,20.9
2024-07-14,Ciudad de México,25.6,13.9,20.9,56.9,6.6,21.6
2024-07-15,Ciudad de México,25.5,11.3,18.9,85.4,5.6,20.8
2024-07-16,Ciudad de México,24.8,14.4,17.9,78.9,5.2,18.4
2024-07-17,Ciudad de México,26.1,14.2,18.7,44.1,2.0,25.2
2024-07-18,Ciudad de México,16.9,7.5,13.0,53.8,2.2,7.3
2024-07-19,Ciudad de México,18.4,8.6,13.0,76.1,8.4,32.5
2024-07-20,Ciudad de México,20.3,6.8,13.2,49.2,21.0,17.9
2024-07-21,Ciudad de México,18.9,9.0,14.5,51.7,2.4,8.7
2024-07-22,Ciudad de México,25.6,17.8,21.0,46.4,7.5,19.8
2024-07-23,Ciudad de México,21.2,8.9,14.6,50.1,4.8,16.5
2024-07-24,Ciudad de México,22.5,9.8,16.4,45.8,5.4,25.0
2024-07-25,Ciudad de México,20.9,12.3,16.9,71.0,4.2,26.0
2024-07-26,Ciudad de México,17.7,3.1,9.8,45.9,20.8,7.9
2024-07-27,Ciudad de México,23.6,11.8,15.6,73.6,3.7,26.7
2024-07-28,Ciudad de México,25.9,15.1,21.9,89.8,,19.8
2024-07-29,Ciudad de México,20.7,12.1,17.4,50.2,6.4,24.5
2024-07-30,Ciudad de México,18.9,9.7,14.5,48.0,0.7,5.3
2024-07-31,Ciudad de México,20.8,9.5,16.1,65.4,9.9,8.3
2024-08-01,Ciudad de México,14.4,6.5,11.3,44.5,3.0,7.8
2024-08-02,Ciudad de México,23.4,12.3,15.4,71.9,4.9,32.6
2024-08-03,Ciudad de México,19.8,8.7,15.5,86.3,9.8,14.5
2024-08-04,Ciudad de México,24.7,10.8,17.2,52.2,10.2,8.1
2024-08-05,Ciudad de México,21.5,12.6,15.7,79.0,0.8,17.2
2024-08-06,Ciudad de México,17.0,9.9,13.7,87.8,11.2,15.6
2024-08-07,Ciudad de México,7.0,-1.6,3.9,59.2,3.5,16.7
2024-08-08,Ciudad de México,18.3,7.9,12.0,51.1,5.0,10.1
2024-08-09,Ciudad de México,24.2,17.2,20.2,44.6,9.7,14.8
2024-08-10,Ciudad de México,18.9,10.3,15.3,41.9,6.0,31.5
2024-08-11,Ciudad de México,21.9,11.0,16.5,49.5,9.4,30.9
2024-08-12,Ciudad de México,19.2,7.0,14.5,87.0,11.2,30.1
2024-08-13,Ciudad de México,26.2,11.5,18.4,71.1,10.4,29.1
2024-08-14,Ciudad de México,21.1,12.3,15.6,59.2,1.8,21.1
2024-08-15,Ciudad de México,17.4,9.5,14.0,77.2,10.0,16.2
2024-08-16,Ciudad de México,13.9,4.3,10.8,41.1,1.9,20.1
2024-08-17,Ciudad de México,18.7,10.8,15.7,70.1,,15.3
2024-08-18,Ciudad de México,18.0,8.2,14.0,55.7,6.0,15.8
2024-08-19,Ciudad de México,16.0,7.5,12.6,62.1,1.6,31.1
2024-08-20,Ciudad de México,21.8,9.7,17.6,59.3,3.2,8.8
2024-08-21,Ciudad de México,14.5,2.6,9.4,85.0,2.7,24.1
2024-08-22,Ciudad de México,22.1,7.9,15.0,83.4,14.8,35.0
2024-08-23,Ciudad de México,15.8,8.8,11.9,47.4,4.0,33.7
2024-08-24,Ciudad de México,26.1,13.9,18.5,50.5,19.0,29.0
2024-08-25,Ciudad de México,22.2,10.5,16.1,43.0,5.8,23.2
2024-08-26,Ciudad de México,22.5,10.5,16.1,75.9,7.7,8.2
2024-08-27,Ciudad de México,18.1,7.7,14.2,72.3,6.3,34.8
2024-08-28,Ciudad de México,19.7,8.2,15.4,61.3,12.0,9.2
2024-08-29,Ciudad de México,21.6,10.5,16.3,82.5,8.9,21.5
2024-08-30,Ciudad de México,20.4,7.5,13.4,88.0,6.2,17.4
2024-08-31,Ciudad de México,24.5,13.3,20.0,50.4,3.1,14.3
2024-09-01,Ciudad de México,19.4,5.1,12.0,76.8,,9.1
2024-09-02,Ciudad de México,20.8,10.2,16.1,45.1,2.7,19.8
2024-09-03,Ciudad de México,21.9,11.3,18.0,52.6,2.5,25.0
2024-09-04,Ciudad de México,18.4,5.7,13.5,83.7,10.1,24.7
2024-09-05,Ciudad de México,20.5,12.8,16.5,90.0,1.8,23.1
2024-09-06,Ciudad de México,22.6,15.9,19.3,41.6,22.6,26.6
2024-09-07,Ciudad de México,17.5,6.9,13.3,89.1,8.3,19.6
2024-09-08,Ciudad de México,20.9,7.2,14.4,57.8,2.3,28.9
2024-09-09,Ciudad de México,21.2,9.3,15.5,77.7,8.4,26.8
2024-09-10,Ciudad de México,26.1,15.2,20.0,60.3,4.8,9.9
2024-09-11,Ciudad de México,12.4,4.7,8.0,75.3,3.1,31.7
2024-09-12,Ciudad de México,14.2,5.4,9.1,66.2,5.4,30.2
2024-09-13,Ciudad de México,17.7,8.3,14.5,54.3,0.9,32.7
2024-09-14,Ciudad de México,18.6,7.2,14.6,41.5,12.3,21.1
2024-09-15,Ciudad de México,22.0,9.2,15.3,63.6,5.4,26.9
2024-09-16,Ciudad de México,20.5,10.5,13.9,58.0,3.6,14.8
2024-09-17,Ciudad de México,18.8,7.1,14.7,83.4,2.7,23.7
2024-09-18,Ciudad de México,21.0,7.3,13.1,56.8,6.7,25.2
2024-09-19,Ciudad de México,17.4,6.4,13.2,77.5,4.3,12.8
2024-09-20,Ciudad de México,10.2,2.7,7.1,67.7,6.0,17.1
2024-09-21,Ciudad de México,22.3,12.0,15.9,80.9,6.4,27.4
2024-09-22,Ciudad de México,16.4,5.4,10.6,48.5,5.9,6.8
2024-09-23,Ciudad de México,18.1,5.6,13.2,65.2,7.9,20.1
2024-09-24,Ciudad de México,19.0,9.1,13.8,76.0,2.1,10.3
2024-09-25,Ciudad de México,17.0,4.4,10.5,64.1,8.7,28.1
2024-09-26,Ciudad de México,19.9,7.2,12.4,67.5,0.2,29.6
2024-09-27,Ciudad de México,26.7,12.3,19.2,49.8,5.8,25.2
2024-09-28,Ciudad de México,16.3,4.4,10.7,69.5,1.4,20.7
2024-09-29,Ciudad de México,18.2,5.1,12.0,78.4,4.2,18.1
2024-09-30,Ciudad de México,18.4,5.5,11.3,86.5,19.6,17.2
2024-10-01,Ciudad de México,16.7,6.2,10.3,70.1,3.1,12.9
2024-10-02,Ciudad de México,20.4,9.9,13.8,84.6,1.4,17.3
2024-10-03,Ciudad de México,17.2,6.2,12.1,66.1,6.9,29.3
2024-10-04,Ciudad de México,23.0,11.0,18.0,55.3,11.9,24.4
2024-10-05,Ciudad de México,19.0,8.4,11.6,81.5,16.9,31.2
2024-10-06,Ciudad de México,20.1,12.6,16.9,83.8,26.0,13.9
2024-10-07,Ciudad de México,24.3,13.9,17.9,79.9,3.7,13.5
2024-10-08,Ciudad de México,22.4,10.4,17.0,57.9,1.1,5.7
2024-10-09,Ciudad de México,20.4,13.3,17.4,60.3,6.6,12.3
2024-10-10,Ciudad de México,18.5,9.7,14.4,64.9,1.2,5.4
2024-10-11,Ciudad de México,15.9,5.6,12.1,52.2,2.4,27.4
2024-10-12,Ciudad de México,20.3,10.2,13.3,67.5,3.4,19.2
2024-10-13,Ciudad de México,16.0,3.2,9.7,48.9,4.0,18.3
2024-10-14,Ciudad de México,21.3,8.2,14.4,82.7,3.2,31.5
2024-10-15,Ciudad de México,25.9,11.3,17.9,45.7,3.5,22.6
2024-10-16,Ciudad de México,19.5,6.6,11.9,43.2,3.5,23.1
2024-10-17,Ciudad de México,25.5,13.8,19.9,53.2,14.4,20.3
2024-10-18,Ciudad de México,20.8,13.9,17.0,55.6,6.8,9.1
2024-10-19,Ciudad de México,23.8,13.4,17.8,60.0,0.5,33.2
2024-10-20,Ciudad de México,18.9,9.2,13.9,46.2,10.5,25.7
2024-10-21,Ciudad de México,18.7,6.7,10.7,47.4,2.4,22.4
2024-10-22,Ciudad de México,14.7,2.1,9.0,80.9,12.4,29.7
2024-10-23,Ciudad de México,13.0,6.3,9.5,73.3,6.1,20.3
2024-10-24,Ciudad de México,21.2,7.6,13.6,80.5,2.8,33.0
2024-10-25,Ciudad de México,19.9,12.4,15.7,65.9,8.9,33.9
2024-10-26,Ciudad de México,20.7,11.1,15.8,86.8,3.4,16.7
2024-10-27,Ciudad de México,18.9,8.5,14.4,69.6,2.7,27.4
2024-10-28,Ciudad de México,14.5,2.8,7.3,65.4,5.7,30.7
2024-10-29,Ciudad de México,14.1,1.6,7.6,45.4,1.7,27.1
2024-10-30,Ciudad de México,17.1,2.7,9.8,51.7,3.0,26.5
2024-10-31,Ciudad de México,14.0,5.9,10.2,61.4,1.9,15.1
2024-11-01,Ciudad de México,15.5,6.2,10.1,64.3,2.1,5.9
2024-11-02,Ciudad de México,20.3,9.5,17.2,45.3,5.5,19.5
2024-11-03,Ciudad de México,19.6,7.1,14.2,77.8,18.6,8.3
2024-11-04,Ciudad de México,20.1,9.0,14.4,74.0,4.1,23.9
2024-11-05,Ciudad de México,21.0,11.8,16.2,80.1,8.6,32.1
2024-11-06,Ciudad de México,19.5,7.8,14.6,73.6,,8.0
2024-11-07,Ciudad de México,18.8,7.6,14.9,83.9,6.1,24.7
2024-11-08,Ciudad de México,16.2,2.3,9.6,72.7,2.5,9.8
2024-11-09,Ciudad de México,17.1,8.0,13.9,59.1,2.9,14.2
2024-11-10,Ciudad de México,20.0,13.6,17.0,54.5,20.7,9.4
2024-11-11,Ciudad de México,19.7,8.7,12.2,63.4,8.5,24.2
2024-11-12,Ciudad de México,14.2,3.8,9.3,56.0,2.8,33.0
2024-11-13,Ciudad de México,20.1,6.2,13.7,82.5,10.2,8.4
2024-11-14,Ciudad de México,21.0,7.5,14.8,54.6,2.6,16.4
2024-11-15,Ciudad de México,18.1,6.2,11.7,76.1,3.7,14.8
2024-11-16,Ciudad de México,20.9,10.6,17.7,58.4,4.7,29.1
2024-11-17,Ciudad de México,22.3,11.1,18.6,60.2,2.0,26.2
2024-11-18,Ciudad de México,19.3,8.0,13.0,58.4,8.0,16.6
2024-11-19,Ciudad de México,21.2,11.3,17.7,52.4,3.4,10.0
2024-11-20,Ciudad de México,22.5,16.2,19.4,85.1,8.7,31.8
2024-11-21,Ciudad de México,21.6,9.8,17.1,75.0,2.4,7.3
2024-11-22,Ciudad de México,20.1,14.0,17.1,80.4,12.9,24.1
2024-11-23,Ciudad de México,25.9,10.3,18.3,47.7,4.5,13.0
2024-11-24,Ciudad de México,18.6,7.9,15.5,43.9,23.4,28.6
2024-11-25,Ciudad de México,19.2,6.8,13.9,55.1,,13.2
2024-11-26,Ciudad de México,23.4,12.4,18.2,60.2,4.6,5.5
2024-11-27,Ciudad de México,19.9,8.5,13.7,56.9,0.9,12.3
2024-11-28,Ciudad de México,18.5,12.3,15.4,88.6,8.8,29.2
2024-11-29,Ciudad de México,19.0,11.7,16.0,60.3,10.1,13.9
2024-11-30,Ciudad de México,21.3,11.3,15.7,41.9,3.5,19.5
2024-12-01,Ciudad de México,17.9,10.1,14.6,56.0,14.0,24.6
2024-12-02,Ciudad de México,21.5,9.5,15.2,88.5,0.6,11.4
2024-12-03,Ciudad de México,20.4,9.7,16.6,55.6,2.9,5.3
2024-12-04,Ciudad de México,20.7,8.3,13.8,79.2,6.4,7.5
2024-12-05,Ciudad de México,18.7,4.4,12.0,67.7,,27.9
2024-12-06,Ciudad de México,24.8,13.1,18.5,68.6,8.5,23.7
2024-12-07,Ciudad de México,24.0,15.1,18.5,55.3,6.1,12.2
2024-12-08,Ciudad de México,24.5,13.0,18.6,55.9,3.1,13.6
2024-12-09,Ciudad de México,22.8,9.9,15.4,61.9,5.5,23.7
2024-12-10,Ciudad de México,21.7,9.8,17.4,80.9,3.2,29.2
2024-12-11,Ciudad de México,21.8,7.8,14.0,62.8,4.0,14.7
2024-12-12,Ciudad de México,21.3,10.6,15.9,48.8,0.6,12.6
2024-12-13,Ciudad de México,25.9,11.4,18.9,53.2,8.8,19.0
2024-12-14,Ciudad de México,25.5,11.9,19.3,44.1,2.2,13.8
2024-12-15,Ciudad de México,14.9,3.0,8.1,87.2,3.5,31.2
2024-12-16,Ciudad de México,19.4,12.4,15.9,40.6,,34.2
2024-12-17,Ciudad de México,29.2,17.1,21.4,82.9,0.3,22.1
2024-12-18,Ciudad de México,22.5,12.4,19.2,54.2,2.1,9.9
2024-12-19,Ciudad de México,22.7,8.0,15.9,79.0,5.3,29.8
2024-12-20,Ciudad de México,19.4,10.7,16.1,66.8,3.3,30.0
2024-12-21,Ciudad de México,22.0,8.2,14.3,59.7,2.9,17.3
2024-12-22,Ciudad de México,25.1,13.8,20.5,44.0,4.7,31.9
2024-12-23,Ciudad de México,19.1,11.9,15.5,47.4,2.5,34.8
2024-12-24,Ciudad de México,29.4,19.8,23.1,45.2,5.3,30.7
2024-12-25,Ciudad de México,28.2,12.8,20.6,67.7,6.2,6.9
2024-12-26,Ciudad de México,23.5,11.3,17.3,84.8,1.5,29.0
2024-12-27,Ciudad de México,27.7,17.1,21.6,58.7,3.2,26.4
2024-12-28,Ciudad de México,23.8,13.4,18.4,47.6,13.4,5.2
2024-12-29,Ciudad de México,23.2,9.0,16.9,70.3,,12.0
2024-12-30,Ciudad de México,21.7,10.6,15.7,50.4,7.7,12.1
2024-01-01,Guadalajara,27.8,18.4,24.3,67.7,5.1,15.5
2024-01-02,Guadalajara,23.7,15.0,18.6,46.1,13.6,21.7
2024-01-03,Guadalajara,31.5,22.2,25.3,48.1,2.1,26.2
2024-01-04,Guadalajara,28.0,19.5,23.8,72.7,1.6,9.6
2024-01-05,Guadalajara,28.3,15.4,21.0,45.3,5.8,17.7
2024-01-06,Guadalajara,32.7,23.9,28.2,48.2,1.4,25.5
2024-01-07,Guadalajara,25.8,13.4,20.3,82.1,16.2,31.8
2024-01-08,Guadalajara,29.5,21.6,26.3,76.1,12.5,29.4
2024-01-09,Guadalajara,32.5,25.8,28.9,74.5,9.5,19.1
2024-01-10,Guadalajara,23.9,12.4,18.4,65.7,0.5,7.7
2024-01-11,Guadalajara,27.9,17.9,22.7,65.8,,14.0
2024-01-12,Guadalajara,23.5,16.0,19.6,70.8,1.4,9.5
2024-01-13,Guadalajara,28.1,16.7,22.3,76.7,2.1,17.9
2024-01-14,Guadalajara,32.3,18.0,25.2,66.0,4.0,33.7
2024-01-15,Guadalajara,34.6,20.5,27.7,78.0,6.5,31.8
2024-01-16,Guadalajara,27.5,15.8,22.2,64.9,4.0,33.8
2024-01-17,Guadalajara,26.4,13.8,21.8,82.3,3.4,21.7
2024-01-18,Guadalajara,31.1,16.6,23.8,81.7,1.9,14.3
2024-01-19,Guadalajara,29.7,20.7,26.6,74.9,4.2,6.6
2024-01-20,Guadalajara,30.3,20.3,23.7,75.8,7.3,33.7
2024-01-21,Guadalajara,30.1,15.0,22.6,82.9,2.3,11.4
2024-01-22,Guadalajara,31.4,19.8,25.3,83.4,4.6,34.1
2024-01-23,Guadalajara,29.9,18.5,25.5,51.3,1.8,21.8
2024-01-24,Guadalajara,30.4,22.3,26.4,64.7,0.5,27.5
2024-01-25,Guadalajara,30.5,18.9,23.6,76.1,6.4,28.7
2024-01-26,Guadalajara,31.0,20.1,24.4,82.3,1.0,30.1
2024-01-27,Guadalajara,26.3,17.3,22.6,64.6,6.6,31.2
2024-01-28,Guadalajara,32.2,20.3,25.4,77.4,4.8,33.3
2024-01-29,Guadalajara,32.0,22.4,26.0,68.6,11.0,12.7
2024-01-30,Guadalajara,30.8,18.7,24.4,51.7,11.6,23.9
2024-01-31,Guadalajara,30.1,20.9,25.3,59.6,10.0,27.0
2024-02-01,Guadalajara,26.6,15.4,23.1,71.1,2.0,11.7
2024-02-02,Guadalajara,35.5,22.4,27.8,71.5,,25.3
2024-02-03,Guadalajara,35.4,23.4,28.8,59.1,7.7,18.3
2024-02-04,Guadalajara,30.9,20.0,23.2,82.5,3.4,27.0
2024-02-05,Guadalajara,32.9,24.5,28.4,79.3,7.5,30.4
2024-02-06,Guadalajara,31.0,16.7,24.1,80.3,1.0,30.2
2024-02-07,Guadalajara,32.7,24.2,27.4,71.9,2.9,15.4
2024-02-08,Guadalajara,32.3,21.0,25.9,47.3,2.2,6.2
2024-02-09,Guadalajara,30.1,17.0,24.4,81.9,9.6,6.4
2024-02-10,Guadalajara,30.4,21.5,25.6,77.8,2.4,25.6
2024-02-11,Guadalajara,33.1,23.1,26.2,84.5,12.0,10.7
2024-02-12,Guadalajara,29.7,19.6,26.2,47.8,7.0,14.0
2024-02-13,Guadalajara,32.1,21.2,27.5,41.6,8.6,27.9
2024-02-14,Guadalajara,30.8,22.4,27.0,88.7,5.0,20.7
2024-02-15,Guadalajara,30.9,22.2,26.5,86.5,6.2,27.2
2024-02-16,Guadalajara,27.4,17.5,21.9,48.5,13.0,27.2
2024-02-17,Guadalajara,31.7,20.6,28.0,69.1,4.6,31.9
2024-02-18,Guadalajara,26.8,15.9,22.5,45.0,5.2,28.9
2024-02-19,Guadalajara,29.0,21.2,24.3,64.0,2.8,22.5
2024-02-20,Guadalajara,23.4,16.4,20.2,74.8,6.6,17.2
2024-02-21,Guadalajara,26.9,19.4,23.0,68.4,14.8,29.2
2024-02-22,Guadalajara,27.9,16.2,24.0,59.3,9.0,20.5
2024-02-23,Guadalajara,31.5,19.0,24.9,48.1,2.4,34.7
2024-02-24,Guadalajara,32.1,22.0,27.2,42.3,4.4,31.7
2024-02-25,Guadalajara,28.5,17.1,22.9,73.5,5.4,5.4
2024-02-26,Guadalajara,30.9,21.6,27.5,86.8,13.1,24.4
2024-02-27,Guadalajara,31.3,21.2,26.6,82.9,7.0,27.5
2024-02-28,Guadalajara,31.7,18.8,25.6,61.9,5.8,24.2
2024-02-29,Guadalajara,32.5,23.6,28.1,60.0,5.0,16.8
2024-03-01,Guadalajara,34.2,22.1,29.8,70.2,2.1,29.0
2024-03-02,Guadalajara,33.3,21.7,28.0,55.9,5.2,12.2
2024-03-03,Guadalajara,26.5,15.3,21.4,64.1,0.4,23.7
2024-03-04,Guadalajara,30.8,21.2,24.5,71.6,5.2,21.7
2024-03-05,Guadalajara,35.6,20.6,28.3,49.2,0.5,8.8
2024-03-06,Guadalajara,30.0,19.7,22.9,66.4,1.8,30.2
2024-03-07,Guadalajara,33.7,23.3,28.4,51.8,2.9,30.3
2024-03-08,Guadalajara,31.9,20.4,27.8,41.7,,20.4
2024-03-09,Guadalajara,32.5,23.0,28.8,60.4,8.8,13.7
2024-03-10,Guadalajara,30.7,21.8,27.6,60.1,1.7,34.5
2024-03-11,Guadalajara,29.8,19.3,25.3,78.8,2.5,31.1
2024-03-12,Guadalajara,33.3,25.0,30.2,51.2,1.4,7.8
2024-03-13,Guadalajara,26.9,15.5,21.3,64.7,2.7,19.5
2024-03-14,Guadalajara,37.0,24.0,31.1,53.8,5.8,31.9
2024-03-15,Guadalajara,33.4,20.5,25.5,60.8,0.9,27.8
2024-03-16,Guadalajara,29.5,20.9,24.1,55.5,9.3,29.2
2024-03-17,Guadalajara,31.4,18.4,25.0,61.6,9.7,18.4
2024-03-18,Guadalajara,37.0,25.4,31.6,45.4,6.9,14.5
2024-03-19,Guadalajara,31.3,20.5,26.7,45.3,2.6,26.8
2024-03-20,Guadalajara,32.2,19.7,27.6,41.9,2.1,34.9
2024-03-21,Guadalajara,33.9,23.2,26.5,68.2,1.7,32.1
2024-03-22,Guadalajara,36.5,20.7,28.7,79.5,1.6,7.4
2024-03-23,Guadalajara,37.3,23.9,30.8,81.3,7.1,34.5
2024-03-24,Guadalajara,38.8,27.7,31.3,41.3,9.3,12.0
2024-03-25,Guadalajara,35.2,27.5,31.8,40.9,,13.1
2024-03-26,Guadalajara,28.7,15.6,21.7,77.7,0.7,14.7
2024-03-27,Guadalajara,32.6,20.9,25.4,73.0,6.8,23.3
2024-03-28,Guadalajara,30.4,16.8,24.6,71.4,2.3,27.1
2024-03-29,Guadalajara,28.5,19.2,23.9,89.6,4.2,29.6
2024-03-30,Guadalajara,27.8,18.0,24.4,42.8,9.5,20.7
2024-03-31,Guadalajara,33.4,23.9,28.4,80.2,9.6,12.5
2024-04-01,Guadalajara,28.8,18.2,24.1,62.7,2.5,28.3
2024-04-02,Guadalajara,36.2,25.8,29.1,70.5,11.5,30.5
2024-04-03,Guadalajara,32.3,21.1,25.5,80.6,2.9,33.3
2024-04-04,Guadalajara,34.6,23.6,27.1,77.2,3.0,26.3
2024-04-05,Guadalajara,34.7,25.9,29.5,75.3,6.0,15.8
2024-04-06,Guadalajara,32.9,22.8,29.0,56.4,1.5,5.3
2024-04-07,Guadalajara,33.0,24.8,29.0,46.5,3.2,7.1
2024-04-08,Guadalajara,29.1,16.7,23.3,66.6,2.2,33.5
2024-04-09,Guadalajara,37.4,23.2,30.7,62.4,3.0,17.5
2024-04-10,Guadalajara,29.9,20.8,25.7,51.5,7.5,9.0
2024-04-11,Guadalajara,33.7,22.0,28.7,45.7,4.1,29.2
2024-04-12,Guadalajara,32.9,17.6,25.1,88.1,12.4,10.9
2024-04-13,Guadalajara,35.0,24.4,31.3,40.9,10.0,14.9
2024-04-14,Guadalajara,31.4,18.3,24.3,79.7,10.7,25.4
2024-04-15,Guadalajara,28.9,17.4,24.6,41.6,3.9,22.0
2024-04-16,Guadalajara,30.6,20.0,23.6,55.5,23.8,25.7
2024-04-17,Guadalajara,34.8,24.7,29.8,41.8,4.1,26.3
2024-04-18,Guadalajara,32.7,20.9,25.8,52.1,2.8,10.9
2024-04-19,Guadalajara,34.1,23.1,26.8,73.9,16.4,19.4
2024-04-20,Guadalajara,39.8,28.7,32.1,41.0,4.7,8.2
2024-04-21,Guadalajara,27.5,17.0,23.3,85.5,7.5,10.9
2024-04-22,Guadalajara,28.5,21.4,25.5,57.0,8.3,20.7
2024-04-23,Guadalajara,29.5,21.7,24.8,46.8,1.9,8.6
2024-04-24,Guadalajara,31.4,18.7,24.6,74.4,1.6,25.5
2024-04-25,Guadalajara,32.8,20.7,25.9,87.3,2.2,31.2
2024-04-26,Guadalajara,27.7,17.7,24.2,88.9,12.4,32.9
2024-04-27,Guadalajara,29.4,20.4,25.1,48.4,6.8,34.3
2024-04-28,Guadalajara,28.2,20.6,25.2,66.3,13.3,8.3
2024-04-29,Guadalajara,29.2,18.1,21.6,42.5,3.7,14.8
2024-04-30,Guadalajara,35.4,23.7,30.1,58.0,9.2,6.2
2024-05-01,Guadalajara,37.2,23.7,30.2,50.2,3.3,34.9
2024-05-02,Guadalajara,29.2,19.7,25.2,63.8,2.5,6.0
2024-05-03,Guadalajara,35.0,23.6,29.0,80.8,0.9,29.5
2024-05-04,Guadalajara,30.3,16.6,22.9,48.2,4.9,9.2
2024-05-05,Guadalajara,26.8,19.5,22.6,76.1,6.7,28.9
2024-05-06,Guadalajara,33.5,23.0,28.2,79.2,6.3,20.6
2024-05-07,Guadalajara,34.9,20.6,27.1,50.4,6.5,19.4
2024-05-08,Guadalajara,24.8,15.3,21.2,78.2,5.3,27.7
2024-05-09,Guadalajara,35.4,21.3,27.5,83.0,11.6,32.9
2024-05-10,Guadalajara,27.7,20.5,23.8,45.3,4.3,15.2
2024-05-11,Guadalajara,35.3,24.9,31.3,75.2,6.6,32.1
2024-05-12,Guadalajara,28.6,17.7,22.7,54.2,4.3,15.1
2024-05-13,Guadalajara,33.6,26.1,29.7,41.3,16.5,31.4
2024-05-14,Guadalajara,34.4,21.8,27.3,78.1,4.7,15.4
2024-05-15,Guadalajara,31.1,17.4,25.4,82.2,9.8,5.3
2024-05-16,Guadalajara,36.2,22.1,30.0,83.1,9.4,6.9
2024-05-17,Guadalajara,37.4,25.7,31.4,63.4,4.1,13.3
2024-05-18,Guadalajara,26.4,17.1,21.7,69.4,5.0,29.9
2024-05-19,Guadalajara,37.6,26.6,31.1,63.5,8.2,28.0
2024-05-20,Guadalajara,24.1,12.7,19.8,58.3,,30.5
2024-05-21,Guadalajara,31.2,16.8,24.0,61.2,9.9,5.0
2024-05-22,Guadalajara,26.8,12.0,18.8,78.1,6.3,31.6
2024-05-23,Guadalajara,29.1,17.5,22.4,63.7,3.3,32.2
2024-05-24,Guadalajara,33.6,22.8,29.3,40.1,3.6,5.9
2024-05-25,Guadalajara,30.0,21.0,24.9,56.7,0.8,25.1
2024-05-26,Guadalajara,28.5,19.5,25.3,53.0,4.3,12.8
2024-05-27,Guadalajara,29.9,16.3,22.4,76.5,2.2,32.4
2024-05-28,Guadalajara,29.6,18.4,22.4,77.1,7.9,27.8
2024-05-29,Guadalajara,39.0,27.8,31.3,55.4,7.3,33.9
2024-05-30,Guadalajara,31.8,19.8,25.4,79.1,7.1,16.8
2024-05-31,Guadalajara,26.7,17.0,21.6,41.8,4.9,27.9
2024-06-01,Guadalajara,28.0,18.2,23.3,47.0,8.2,31.1
2024-06-02,Guadalajara,38.5,24.5,30.8,74.5,10.3,8.5
2024-06-03,Guadalajara,32.8,17.8,25.2,62.6,4.7,6.5
2024-06-04,Guadalajara,28.9,19.2,23.5,57.8,1.8,19.7
2024-06-05,Guadalajara,29.6,20.6,26.0,74.9,10.6,16.8
2024-06-06,Guadalajara,28.6,20.2,25.2,60.3,5.4,9.6
2024-06-07,Guadalajara,30.2,15.7,22.4,73.1,,8.8
2024-06-08,Guadalajara,29.5,17.7,24.8,80.1,10.3,8.5
2024-06-09,Guadalajara,26.0,14.2,22.2,68.2,4.3,13.6
2024-06-10,Guadalajara,31.4,18.4,26.3,74.2,1.6,13.8
2024-06-11,Guadalajara,28.2,19.6,23.7,87.6,2.4,10.2
2024-06-12,Guadalajara,29.7,17.4,21.7,56.4,2.3,13.8
2024-06-13,Guadalajara,26.5,18.4,22.0,40.9,3.5,9.1
2024-06-14,Guadalajara,31.2,20.9,25.5,47.3,7.8,23.0
2024-06-15,Guadalajara,22.7,14.2,19.7,77.6,0.9,31.4
2024-06-16,Guadalajara,33.6,24.8,30.2,47.7,4.2,14.9
2024-06-17,Guadalajara,35.9,23.4,28.4,89.1,0.7,20.3
2024-06-18,Guadalajara,28.1,14.9,20.8,89.3,6.2,30.0
2024-06-19,Guadalajara,25.6,16.2,21.3,63.4,10.7,31.8
2024-06-20,Guadalajara,31.2,18.4,24.2,87.4,5.1,31.6
2024-06-21,Guadalajara,24.1,13.3,19.0,67.7,1.1,14.2
2024-06-22,Guadalajara,28.3,17.0,23.3,78.4,8.4,20.0
2024-06-23,Guadalajara,27.7,14.8,22.3,59.7,2.1,19.6
2024-06-24,Guadalajara,27.2,20.8,24.1,51.1,2.0,21.4
2024-06-25,Guadalajara,34.1,25.3,30.3,85.2,5.0,34.6
2024-06-26,Guadalajara,28.1,16.6,21.7,72.4,9.5,23.2
2024-06-27,Guadalajara,28.0,18.0,21.1,54.7,5.1,16.3
2024-06-28,Guadalajara,23.7,12.8,18.9,79.2,0.3,27.4
2024-06-29,Guadalajara,25.2,13.4,19.0,75.9,8.0,27.3
2024-06-30,Guadalajara,32.2,17.9,25.6,81.6,10.3,25.0
2024-07-01,Guadalajara,29.1,20.2,23.9,80.3,1.7,34.3
2024-07-02,Guadalajara,26.7,17.9,21.5,61.3,0.8,9.8
2024-07-03,Guadalajara,25.7,15.9,19.0,70.9,,19.4
2024-07-04,Guadalajara,29.1,18.3,22.3,78.9,6.6,15.8
2024-07-05,Guadalajara,26.8,15.1,20.1,76.8,1.5,29.2
2024-07-06,Guadalajara,25.0,15.7,19.1,41.3,2.4,21.1
2024-07-07,Guadalajara,25.5,13.3,19.9,57.0,5.0,13.4
2024-07-08,Guadalajara,26.5,14.8,19.4,48.2,11.3,18.6
2024-07-09,Guadalajara,25.8,13.3,21.1,65.5,4.7,15.7
2024-07-10,Guadalajara,14.0,3.4,10.2,64.6,5.3,9.4
2024-07-11,Guadalajara,30.4,21.9,26.0,66.1,6.4,25.0
2024-07-12,Guadalajara,22.0,12.7,18.8,54.7,5.8,27.8
2024-07-13,Guadalajara,23.9,13.6,19.8,55.1,2.6,16.6
2024-07-14,Guadalajara,27.9,15.0,22.2,69.2,5.7,28.4
2024-07-15,Guadalajara,25.7,14.8,19.3,54.6,7.7,14.0
2024-07-16,Guadalajara,28.5,19.6,22.7,44.1,4.3,34.8
2024-07-17,Guadalajara,26.2,16.7,20.0,66.3,1.7,18.2
2024-07-18,Guadalajara,28.5,15.5,20.6,70.4,4.6,30.1
2024-07-19,Guadalajara,24.6,10.5,17.7,76.2,,25.8
2024-07-20,Guadalajara,28.1,15.3,21.9,51.2,1.7,32.4
2024-07-21,Guadalajara,24.8,13.9,21.0,86.7,0.5,6.8
2024-07-22,Guadalajara,27.4,17.3,22.3,49.2,1.7,13.9
2024-07-23,Guadalajara,25.1,13.5,19.1,42.6,5.2,9.7
2024-07-24,Guadalajara,26.9,19.1,22.2,58.2,10.4,8.3
2024-07-25,Guadalajara,24.0,15.2,20.3,49.8,13.3,30.9
2024-07-26,Guadalajara,29.1,15.7,21.9,65.1,10.6,8.2
2024-07-27,Guadalajara,25.9,14.1,20.8,45.4,3.5,6.9
2024-07-28,Guadalajara,25.1,13.8,18.7,77.8,9.8,11.5
2024-07-29,Guadalajara,25.1,10.0,18.0,67.8,2.7,27.9
2024-07-30,Guadalajara,21.9,7.6,15.0,41.3,1.3,28.5
2024-07-31,Guadalajara,24.5,14.3,20.5,72.7,5.6,17.8
2024-08-01,Guadalajara,29.4,17.3,23.7,70.4,1.2,25.8
2024-08-02,Guadalajara,23.6,11.0,17.4,58.6,,18.7
2024-08-03,Guadalajara,23.0,12.1,16.9,75.1,7.2,18.8
2024-08-04,Guadalajara,28.2,15.6,22.0,67.9,2.5,28.7
2024-08-05,Guadalajara,24.8,14.1,19.9,42.4,9.0,21.0
2024-08-06,Guadalajara,25.5,16.7,20.5,45.9,17.8,7.7
2024-08-07,Guadalajara,24.3,11.4,17.5,69.9,10.1,8.4
2024-08-08,Guadalajara,21.2,12.0,15.5,83.6,12.6,8.8
2024-08-09,Guadalajara,22.2,14.6,19.0,52.2,3.7,16.8
2024-08-10,Guadalajara,24.9,12.5,19.0,71.7,0.7,24.9
2024-08-11,Guadalajara,19.1,8.1,13.6,61.6,2.8,34.9
2024-08-12,Guadalajara,22.2,12.9,17.7,87.1,2.0,33.3
2024-08-13,Guadalajara,28.9,15.1,21.8,76.8,6.8,32.9
2024-08-14,Guadalajara,22.2,10.0,17.3,53.3,2.1,30.1
2024-08-15,Guadalajara,25.2,13.0,18.6,42.3,5.7,28.8
2024-08-16,Guadalajara,26.3,14.4,19.6,76.7,10.0,6.2
2024-08-17,Guadalajara,24.4,16.3,19.5,45.1,9.8,18.5
2024-08-18,Guadalajara,26.7,12.1,19.1,66.0,5.5,8.7
2024-08-19,Guadalajara,26.9,18.2,23.0,86.5,3.9,13.0
2024-08-20,Guadalajara,28.8,15.3,22.3,51.9,5.5,17.1
2024-08-21,Guadalajara,23.1,11.1,16.9,52.5,1.4,33.8
2024-08-22,Guadalajara,19.8,5.8,12.3,69.2,6.7,21.1
2024-08-23,Guadalajara,25.0,12.2,18.6,52.6,12.2,28.8
2024-08-24,Guadalajara,24.0,11.5,19.2,66.7,3.6,24.0
2024-08-25,Guadalajara,23.3,12.7,18.2,43.1,7.0,24.0
2024-08-26,Guadalajara,26.7,13.4,19.6,55.5,1.8,12.2
2024-08-27,Guadalajara,25.5,16.2,19.7,86.7,1.8,13.3
2024-08-28,Guadalajara,21.5,11.1,15.8,46.6,3.5,28.1
2024-08-29,Guadalajara,18.9,6.8,12.8,67.3,8.1,6.4
2024-08-30,Guadalajara,22.1,14.3,18.1,49.1,3.4,11.8
2024-08-31,Guadalajara,28.2,15.7,23.6,81.6,22.5,19.4
2024-09-01,Guadalajara,17.5,6.3,13.5,66.9,,31.3
2024-09-02,Guadalajara,17.6,6.6,14.0,65.6,1.8,32.8
2024-09-03,Guadalajara,21.5,12.4,16.6,67.7,11.6,18.5
2024-09-04,Guadalajara,26.9,15.7,22.6,71.7,0.3,29.7
2024-09-05,Guadalajara,24.9,14.1,19.6,66.0,1.0,8.0
2024-09-06,Guadalajara,23.2,12.3,16.4,42.8,3.4,15.2
2024-09-07,Guadalajara,22.2,13.5,18.6,40.7,5.2,12.1
2024-09-08,Guadalajara,26.3,17.1,21.1,53.4,11.7,26.5
2024-09-09,Guadalajara,25.1,13.7,17.7,80.4,2.7,12.9
2024-09-10,Guadalajara,25.4,14.3,21.1,61.7,2.0,28.6
2024-09-11,Guadalajara,21.5,7.9,15.7,55.9,8.1,11.7
2024-09-12,Guadalajara,17.4,7.0,14.0,88.8,9.2,20.4
2024-09-13,Guadalajara,26.2,11.3,18.5,72.2,6.9,19.0
2024-09-14,Guadalajara,28.7,15.5,20.9,68.7,7.3,25.1
2024-09-15,Guadalajara,22.7,13.5,17.0,41.3,5.1,12.8
2024-09-16,Guadalajara,19.5,8.8,15.6,64.7,4.3,16.9
2024-09-17,Guadalajara,21.2,8.8,14.6,85.2,1.5,19.8
2024-09-18,Guadalajara,19.3,7.8,13.3,89.5,2.6,7.2
2024-09-19,Guadalajara,21.1,8.0,13.6,46.9,1.1,26.7
2024-09-20,Guadalajara,24.6,13.4,18.1,74.7,,19.2
2024-09-21,Guadalajara,18.9,5.5,12.9,56.2,2.9,17.2
2024-09-22,Guadalajara,19.7,8.1,12.6,75.3,6.4,22.6
2024-09-23,Guadalajara,22.7,15.2,18.7,67.3,2.6,6.5
2024-09-24,Guadalajara,21.3,10.0,15.2,71.6,8.4,7.4
2024-09-25,Guadalajara,22.7,10.6,16.9,86.1,13.6,5.9
2024-09-26,Guadalajara,22.6,12.0,19.4,80.6,13.3,15.2
2024-09-27,Guadalajara,24.0,13.9,17.4,71.7,2.7,27.9
2024-09-28,Guadalajara,19.4,8.8,13.8,49.0,5.5,5.3
2024-09-29,Guadalajara,19.4,10.2,16.1,44.3,3.1,6.6
2024-09-30,Guadalajara,24.0,10.3,16.5,78.5,3.8,30.0
2024-10-01,Guadalajara,20.4,9.3,12.4,89.9,12.7,21.8
2024-10-02,Guadalajara,24.4,12.0,16.7,73.1,4.4,12.9
2024-10-03,Guadalajara,26.0,18.5,22.2,62.8,,26.4
2024-10-04,Guadalajara,22.9,13.4,17.1,47.5,4.4,31.6
2024-10-05,Guadalajara,20.3,12.2,15.5,73.7,0.9,14.1
2024-10-06,Guadalajara,20.4,9.8,15.1,52.9,17.2,26.6
2024-10-07,Guadalajara,24.0,12.8,19.4,46.0,3.3,14.5
2024-10-08,Guadalajara,27.2,18.8,22.2,58.7,10.7,25.1
2024-10-09,Guadalajara,19.2,12.7,15.8,61.6,6.2,24.1
2024-10-10,Guadalajara,24.1,13.1,20.2,68.6,2.0,11.3
2024-10-11,Guadalajara,23.0,13.4,16.9,87.5,2.5,21.4
2024-10-12,Guadalajara,22.9,11.4,15.1,55.2,5.5,11.6
2024-10-13,Guadalajara,23.6,15.1,19.2,52.7,1.5,34.0
2024-10-14,Guadalajara,20.4,10.2,15.6,88.9,8.8,15.7
2024-10-15,Guadalajara,19.9,12.7,15.8,70.2,3.1,23.1
2024-10-16,Guadalajara,22.1,11.3,15.1,42.2,2.2,17.5
2024-10-17,Guadalajara,24.5,14.5,21.0,56.9,4.3,33.0
2024-10-18,Guadalajara,23.8,13.9,19.4,79.3,1.5,30.2
2024-10-19,Guadalajara,19.0,6.1,12.7,40.5,7.2,30.3
2024-10-20,Guadalajara,18.7,7.6,11.4,50.3,4.6,15.6
2024-10-21,Guadalajara,19.2,11.2,14.9,87.6,7.1,15.1
2024-10-22,Guadalajara,20.7,9.9,15.2,78.4,4.5,18.4
2024-10-23,Guadalajara,26.1,15.8,19.6,85.7,2.3,6.7
2024-10-24,Guadalajara,26.0,16.4,21.8,57.9,5.4,5.7
2024-10-25,Guadalajara,22.9,10.2,15.6,60.2,3.4,34.2
2024-10-26,Guadalajara,23.3,15.0,18.9,86.1,8.7,13.4
2024-10-27,Guadalajara,25.0,14.2,20.0,80.1,4.8,12.0
2024-10-28,Guadalajara,23.4,11.4,19.0,53.8,9.2,32.5
2024-10-29,Guadalajara,28.3,17.4,21.4,73.4,6.9,20.2
2024-10-30,Guadalajara,23.9,8.8,16.8,55.9,1.7,20.3
2024-10-31,Guadalajara,24.1,10.0,17.6,58.7,,32.5
2024-11-01,Guadalajara,22.3,9.9,17.3,58.0,6.1,8.5
2024-11-02,Guadalajara,23.3,12.4,17.4,68.9,3.0,25.6
2024-11-03,Guadalajara,20.1,11.3,15.0,65.7,16.3,19.3
2024-11-04,Guadalajara,24.8,13.8,21.4,41.0,2.2,18.9
2024-11-05,Guadalajara,16.4,8.9,13.3,45.5,3.2,14.6
2024-11-06,Guadalajara,23.3,10.2,15.8,45.7,8.0,11.2
2024-11-07,Guadalajara,24.4,10.5,18.1,65.1,1.3,33.2
2024-11-08,Guadalajara,21.7,14.0,18.0,72.4,10.7,9.4
2024-11-09,Guadalajara,23.7,13.6,17.0,71.5,4.9,9.0
2024-11-10,Guadalajara,27.0,18.9,22.7,56.8,5.4,22.3
2024-11-11,Guadalajara,22.2,10.6,17.8,55.7,1.9,17.9
2024-11-12,Guadalajara,24.6,13.5,18.5,78.4,15.5,18.7
2024-11-13,Guadalajara,28.4,17.4,22.2,73.5,5.3,32.9
2024-11-14,Guadalajara,24.4,12.8,19.7,68.8,10.0,12.4
2024-11-15,Guadalajara,23.1,13.4,20.1,72.9,5.7,15.7
2024-11-16,Guadalajara,21.4,8.9,16.0,53.6,9.3,25.4
2024-11-17,Guadalajara,26.7,19.2,22.4,60.5,27.6,32.2
2024-11-18,Guadalajara,21.6,14.9,18.4,72.9,3.2,6.0
2024-11-19,Guadalajara,23.3,14.7,20.1,75.6,13.1,33.0
2024-11-20,Guadalajara,20.4,9.4,16.2,88.6,3.6,14.2
2024-11-21,Guadalajara,17.8,7.6,13.5,40.8,2.9,24.8
2024-11-22,Guadalajara,27.7,17.8,20.9,65.1,3.7,24.5
2024-11-23,Guadalajara,26.4,13.0,21.0,89.0,6.8,22.2
2024-11-24,Guadalajara,17.1,9.8,14.0,75.9,1.6,32.5
2024-11-25,Guadalajara,20.9,9.4,17.3,79.4,11.2,29.7
2024-11-26,Guadalajara,29.4,18.9,22.3,71.1,8.0,6.3
2024-11-27,Guadalajara,26.1,12.2,19.4,87.5,,19.5
2024-11-28,Guadalajara,21.5,11.7,16.5,68.0,3.5,34.3
2024-11-29,Guadalajara,26.6,18.7,21.9,54.4,12.1,11.2
2024-11-30,Guadalajara,25.2,17.0,21.3,64.8,14.6,28.4
2024-12-01,Guadalajara,28.2,15.2,21.1,88.2,14.1,26.4
2024-12-02,Guadalajara,19.3,9.6,15.4,50.8,2.4,34.7
2024-12-03,Guadalajara,28.5,13.7,21.6,68.7,8.6,30.9
2024-12-04,Guadalajara,23.5,13.1,18.1,86.5,13.6,33.9
2024-12-05,Guadalajara,26.4,15.7,20.5,40.9,8.4,27.6
2024-12-06,Guadalajara,20.7,8.6,16.4,58.4,4.6,14.1
2024-12-07,Guadalajara,24.4,12.6,18.8,51.7,5.1,24.4
2024-12-08,Guadalajara,27.8,17.4,23.2,89.1,8.3,33.6
2024-12-09,Guadalajara,30.1,20.6,24.0,81.2,3.3,11.0
2024-12-10,Guadalajara,24.6,11.7,17.0,68.5,,20.9
2024-12-11,Guadalajara,29.0,19.2,23.8,76.2,3.1,28.8
2024-12-12,Guadalajara,25.0,17.2,22.0,76.9,6.7,10.3
2024-12-13,Guadalajara,23.2,10.2,17.3,86.6,1.5,30.3
2024-12-14,Guadalajara,18.5,7.4,13.5,46.2,2.9,25.0
2024-12-15,Guadalajara,28.5,18.3,22.4,64.0,4.7,14.7
2024-12-16,Guadalajara,28.9,15.8,21.2,85.3,2.6,9.4
2024-12-17,Guadalajara,23.4,12.8,19.2,77.1,,32.4
2024-12-18,Guadalajara,27.0,18.9,22.1,78.1,4.4,22.9
2024-12-19,Guadalajara,25.6,14.3,19.4,68.0,5.0,34.0
2024-12-20,Guadalajara,33.1,19.4,25.4,40.6,,26.1
2024-12-21,Guadalajara,26.9,18.6,22.9,65.2,7.8,11.2
2024-12-22,Guadalajara,26.3,14.9,21.7,83.3,,14.0
2024-12-23,Guadalajara,27.5,16.0,21.3,45.8,4.1,31.8
2024-12-24,Guadalajara,28.6,14.7,21.2,63.3,1.8,10.6
2024-12-25,Guadalajara,28.7,14.0,21.6,66.8,3.0,26.1
2024-12-26,Guadalajara,27.9,18.4,22.7,83.9,6.9,34.7
2024-12-27,Guadalajara,26.4,19.0,22.5,56.9,5.3,22.3
2024-12-28,Guadalajara,22.8,10.9,18.5,41.1,11.9,17.5
2024-12-29,Guadalajara,22.2,13.0,19.1,43.2,6.2,15.4
2024-12-30,Guadalajara,25.0,11.7,19.6,88.3,1.0,13.1
2024-01-01,Monterrey,28.0,16.3,22.3,64.4,1.4,15.2
2024-01-02,Monterrey,28.5,16.4,22.8,71.7,20.8,5.7
2024-01-03,Monterrey,25.6,15.2,19.4,73.4,6.3,5.3
2024-01-04,Monterrey,32.8,18.4,24.8,72.2,5.8,24.4
2024-01-05,Monterrey,28.9,19.7,23.7,45.4,2.0,23.8
2024-01-06,Monterrey,31.1,17.5,23.9,43.3,1.8,31.0
2024-01-07,Monterrey,26.4,18.1,21.5,84.7,4.7,19.3
2024-01-08,Monterrey,33.7,22.8,28.2,66.9,2.6,8.9
2024-01-09,Monterrey,25.9,13.6,20.6,81.4,,25.2
2024-01-10,Monterrey,22.1,11.9,17.1,83.7,3.6,19.3
2024-01-11,Monterrey,29.9,17.5,24.8,67.1,3.9,18.4
2024-01-12,Monterrey,35.8,25.0,30.7,52.5,3.9,7.9
2024-01-13,Monterrey,30.3,22.1,27.2,49.4,5.1,7.6
2024-01-14,Monterrey,29.2,17.1,23.9,89.3,1.7,22.9
2024-01-15,Monterrey,31.6,20.2,27.5,61.4,12.1,20.2
2024-01-16,Monterrey,35.1,21.4,27.8,84.9,5.1,26.2
2024-01-17,Monterrey,35.6,26.7,31.1,51.9,3.4,23.2
2024-01-18,Monterrey,37.3,27.3,32.2,59.1,15.4,34.1
2024-01-19,Monterrey,32.1,24.0,28.7,61.0,5.2,26.8
2024-01-20,Monterrey,25.8,16.6,20.3,77.5,4.3,28.8
2024-01-21,Monterrey,34.8,20.8,27.1,51.8,2.8,20.4
2024-01-22,Monterrey,29.7,15.5,23.2,44.4,,23.3
2024-01-23,Monterrey,31.3,17.8,24.4,64.8,5.4,23.1
2024-01-24,Monterrey,31.4,18.4,24.4,89.9,14.3,34.7
2024-01-25,Monterrey,31.7,21.3,25.1,87.8,3.4,31.5
2024-01-26,Monterrey,32.5,21.8,26.6,81.0,,12.5
2024-01-27,Monterrey,37.3,23.6,30.6,54.0,2.8,5.1
2024-01-28,Monterrey,28.8,22.6,25.6,72.3,0.9,10.8
2024-01-29,Monterrey,29.2,16.6,24.3,61.4,2.5,17.7
2024-01-30,Monterrey,33.7,22.4,26.7,61.1,7.0,23.4
2024-01-31,Monterrey,25.8,16.3,21.0,41.9,2.7,34.1
2024-02-01,Monterrey,27.1,14.6,21.8,88.8,3.8,19.8
2024-02-02,Monterrey,33.6,24.0,28.0,54.2,4.3,23.7
2024-02-03,Monterrey,37.7,24.6,31.4,47.8,7.8,28.3
2024-02-04,Monterrey,36.1,26.6,31.2,62.4,1.5,8.7
2024-02-05,Monterrey,31.0,17.3,23.1,49.1,6.0,6.6
2024-02-06,Monterrey,28.1,16.9,23.9,42.5,6.8,15.4
2024-02-07,Monterrey,32.8,22.6,29.7,47.1,8.0,19.9
2024-02-08,Monterrey,28.7,16.3,21.7,87.4,,17.7
2024-02-09,Monterrey,36.0,25.4,29.9,88.5,1.2,16.9
2024-02-10,Monterrey,39.1,26.2,32.0,42.1,6.0,33.5
2024-02-11,Monterrey,30.0,22.1,26.6,49.7,0.5,24.3
2024-02-12,Monterrey,35.9,25.8,30.2,64.0,2.5,15.4
2024-02-13,Monterrey,36.1,22.1,29.3,58.8,3.8,34.7
2024-02-14,Monterrey,36.1,26.0,31.2,47.2,9.1,32.9
2024-02-15,Monterrey,26.7,18.7,23.0,52.8,11.2,33.4
2024-02-16,Monterrey,30.3,18.2,22.9,54.5,8.4,9.3
2024-02-17,Monterrey,29.1,18.7,24.0,41.0,6.2,20.6
2024-02-18,Monterrey,32.6,25.2,28.7,42.6,5.6,23.7
2024-02-19,Monterrey,33.2,23.9,29.2,85.5,9.3,20.0
2024-02-20,Monterrey,30.3,21.8,25.3,70.3,9.0,30.1
2024-02-21,Monterrey,32.0,25.2,28.3,79.8,12.2,26.3
2024-02-22,Monterrey,34.9,22.9,28.2,70.1,0.6,11.5
2024-02-23,Monterrey,31.4,21.3,28.1,76.0,2.6,24.2
2024-02-24,Monterrey,34.9,24.0,27.8,74.9,4.6,14.9
2024-02-25,Monterrey,37.2,25.8,29.9,87.1,0.7,34.8
2024-02-26,Monterrey,34.0,22.2,28.8,83.4,5.8,22.2
2024-02-27,Monterrey,31.7,20.3,27.2,56.8,10.4,33.8
2024-02-28,Monterrey,39.0,28.6,31.9,48.5,6.5,14.6
2024-02-29,Monterrey,37.2,27.7,31.8,59.1,13.4,19.0
2024-03-01,Monterrey,32.7,24.4,29.3,75.5,2.3,22.1
2024-03-02,Monterrey,34.4,23.0,28.7,59.6,5.0,12.5
2024-03-03,Monterrey,30.8,22.7,26.8,53.6,0.5,24.6
2024-03-04,Monterrey,31.0,22.2,27.1,84.7,8.5,25.3
2024-03-05,Monterrey,29.3,20.6,24.7,83.9,4.7,21.9
2024-03-06,Monterrey,39.2,30.6,33.7,56.7,,25.4
2024-03-07,Monterrey,32.9,21.1,28.8,56.8,2.9,32.7
2024-03-08,Monterrey,33.2,25.5,30.0,73.3,4.7,12.7
2024-03-09,Monterrey,36.1,24.1,29.1,50.6,8.2,33.0
2024-03-10,Monterrey,31.5,22.1,28.0,41.2,5.0,14.1
2024-03-11,Monterrey,33.5,22.2,28.0,70.9,5.4,14.1
2024-03-12,Monterrey,37.8,23.7,31.3,75.9,7.0,10.0
2024-03-13,Monterrey,31.5,21.6,27.3,54.5,0.8,15.9
2024-03-14,Monterrey,36.3,24.8,30.8,49.0,3.9,13.2
2024-03-15,Monterrey,37.6,24.4,31.0,65.6,7.3,17.7
2024-03-16,Monterrey,28.3,19.9,25.0,63.1,8.8,26.8
2024-03-17,Monterrey,34.2,21.8,27.6,87.5,,5.4
2024-03-18,Monterrey,33.7,22.5,26.0,59.4,3.6,30.4
2024-03-19,Monterrey,38.2,27.4,30.8,41.6,3.1,9.0
2024-03-20,Monterrey,35.5,23.7,28.4,76.4,3.0,24.8
2024-03-21,Monterrey,35.9,24.8,32.3,52.1,2.5,33.5
2024-03-22,Monterrey,31.1,18.7,23.3,44.7,8.2,26.9
2024-03-23,Monterrey,33.2,19.7,27.6,67.6,5.3,29.0
2024-03-24,Monterrey,35.3,22.6,28.0,79.2,4.9,23.3
2024-03-25,Monterrey,28.7,18.7,25.5,44.0,3.7,12.8
2024-03-26,Monterrey,36.7,25.5,30.1,76.2,9.8,13.5
2024-03-27,Monterrey,32.0,23.3,26.5,49.3,2.3,24.4
2024-03-28,Monterrey,35.1,23.8,31.5,51.2,5.0,5.1
2024-03-29,Monterrey,36.6,24.8,29.2,73.4,3.4,19.8
2024-03-30,Monterrey,34.8,24.8,30.2,55.9,12.6,12.0
2024-03-31,Monterrey,33.0,18.2,25.5,65.5,0.6,25.1
2024-04-01,Monterrey,29.8,19.4,25.8,52.6,1.9,33.4
2024-04-02,Monterrey,40.3,28.0,34.3,43.2,3.3,28.3
2024-04-03,Monterrey,31.0,21.6,26.4,52.8,2.0,26.7
2024-04-04,Monterrey,36.5,26.5,30.2,60.4,,10.5
2024-04-05,Monterrey,39.0,27.6,35.5,50.0,12.7,22.0
2024-04-06,Monterrey,34.7,22.8,29.7,41.9,11.9,21.5
2024-04-07,Monterrey,31.2,24.0,27.7,73.8,4.8,8.1
2024-04-08,Monterrey,39.8,30.1,34.5,45.2,5.3,17.3
2024-04-09,Monterrey,39.1,30.2,33.8,73.6,11.8,11.2
2024-04-10,Monterrey,34.3,20.9,28.1,63.6,2.3,17.2
2024-04-11,Monterrey,39.2,28.0,31.4,61.8,0.5,22.8
2024-04-12,Monterrey,39.4,26.4,32.7,51.7,2.2,25.7
2024-04-13,Monterrey,38.7,26.1,31.5,66.6,4.8,33.7
2024-04-14,Monterrey,30.1,16.8,23.1,66.9,4.9,9.8
2024-04-15,Monterrey,39.5,25.6,33.3,47.7,4.0,13.8
2024-04-16,Monterrey,29.3,18.9,25.0,66.8,3.2,25.4
2024-04-17,Monterrey,38.3,29.9,35.3,60.7,3.0,6.0
2024-04-18,Monterrey,35.3,24.9,30.8,61.0,10.4,5.1
2024-04-19,Monterrey,33.8,25.0,29.6,88.3,3.4,34.5
2024-04-20,Monterrey,36.6,27.6,31.9,67.3,3.9,24.8
2024-04-21,Monterrey,30.2,18.5,25.3,84.9,4.3,32.4
2024-04-22,Monterrey,34.2,24.1,30.7,47.0,1.3,32.7
2024-04-23,Monterrey,26.4,15.9,23.4,84.2,10.9,27.8
2024-04-24,Monterrey,31.3,21.0,25.5,60.0,7.7,22.1
2024-04-25,Monterrey,33.7,22.4,29.4,43.5,2.2,30.1
2024-04-26,Monterrey,36.9,23.4,30.2,65.9,5.8,21.4
2024-04-27,Monterrey,36.8,27.2,31.3,67.2,4.3,16.9
2024-04-28,Monterrey,32.9,20.2,27.5,66.1,5.4,31.9
2024-04-29,Monterrey,31.4,21.9,28.2,43.6,4.5,26.2
2024-04-30,Monterrey,37.5,28.1,32.0,40.8,2.5,13.0
2024-05-01,Monterrey,34.0,22.2,27.9,43.4,3.1,18.8
2024-05-02,Monterrey,31.8,21.8,27.2,78.6,7.2,21.2
2024-05-03,Monterrey,33.7,22.7,26.4,69.8,0.4,16.2
2024-05-04,Monterrey,27.5,19.7,24.0,53.6,1.7,14.0
2024-05-05,Monterrey,34.2,24.4,30.1,57.9,12.6,21.4
2024-05-06,Monterrey,34.0,23.2,27.3,43.1,4.3,16.4
2024-05-07,Monterrey,29.7,19.2,24.5,78.5,6.0,27.2
2024-05-08,Monterrey,33.6,21.6,27.0,50.6,7.6,5.3
2024-05-09,Monterrey,31.4,20.2,28.1,43.6,4.5,14.6
2024-05-10,Monterrey,31.7,20.5,26.7,41.2,5.2,30.8
2024-05-11,Monterrey,38.5,25.6,30.7,48.6,3.7,33.5
2024-05-12,Monterrey,35.1,23.7,31.5,58.4,3.9,24.2
2024-05-13,Monterrey,34.3,20.5,28.0,65.4,10.2,33.5
2024-05-14,Monterrey,34.6,22.0,26.9,62.3,8.8,28.6
2024-05-15,Monterrey,27.6,20.4,24.0,50.2,5.9,9.8
2024-05-16,Monterrey,28.5,18.5,25.4,80.6,7.2,12.2
2024-05-17,Monterrey,31.5,21.5,25.4,77.8,5.5,5.4
2024-05-18,Monterrey,30.8,20.5,25.3,69.0,1.6,11.3
2024-05-19,Monterrey,37.6,27.1,32.9,69.7,1.3,10.2
2024-05-20,Monterrey,29.5,20.9,24.9,71.7,0.6,12.1
2024-05-21,Monterrey,36.4,23.2,30.7,74.3,8.2,6.9
2024-05-22,Monterrey,34.9,24.8,28.7,68.5,9.0,20.4
2024-05-23,Monterrey,35.4,22.2,29.3,78.1,1.0,32.3
2024-05-24,Monterrey,33.8,21.9,25.8,41.9,8.6,6.7
2024-05-25,Monterrey,28.7,20.3,25.5,86.6,3.1,19.8
2024-05-26,Monterrey,28.4,17.5,21.9,54.8,1.5,24.7
2024-05-27,Monterrey,38.9,26.0,31.8,41.6,0.5,25.1
2024-05-28,Monterrey,23.4,14.8,20.3,69.4,11.8,14.5
2024-05-29,Monterrey,30.9,18.4,23.1,57.3,6.7,22.4
2024-05-30,Monterrey,29.9,19.4,26.9,68.5,10.5,6.0
2024-05-31,Monterrey,32.4,19.5,25.3,56.9,7.5,14.7
2024-06-01,Monterrey,28.2,14.6,22.0,66.6,8.7,12.4
2024-06-02,Monterrey,36.1,23.6,28.7,42.2,8.8,9.4
2024-06-03,Monterrey,30.5,16.6,24.1,71.7,3.3,11.8
2024-06-04,Monterrey,34.2,21.3,26.7,51.2,3.5,30.0
2024-06-05,Monterrey,32.7,23.1,28.1,57.4,9.1,13.9
2024-06-06,Monterrey,37.8,22.2,30.1,63.7,7.9,6.8
2024-06-07,Monterrey,32.2,21.3,28.5,76.6,2.4,28.2
2024-06-08,Monterrey,34.4,24.0,27.1,74.2,2.1,7.1
2024-06-09,Monterrey,34.2,22.7,27.0,74.4,4.2,18.9
2024-06-10,Monterrey,31.4,21.6,27.6,77.2,15.8,19.8
2024-06-11,Monterrey,29.6,20.8,26.0,82.1,13.8,33.9
2024-06-12,Monterrey,32.7,21.4,27.7,40.9,6.3,14.6
2024-06-13,Monterrey,27.5,19.5,24.3,40.9,7.7,7.6
2024-06-14,Monterrey,29.1,19.0,23.3,47.0,6.7,18.0
2024-06-15,Monterrey,24.8,16.8,21.2,49.5,6.5,16.5
2024-06-16,Monterrey,31.8,22.4,27.3,40.9,2.3,22.9
2024-06-17,Monterrey,34.3,21.2,29.1,57.8,9.6,24.0
2024-06-18,Monterrey,30.6,21.0,26.3,84.2,3.0,17.7
2024-06-19,Monterrey,31.7,18.8,26.2,82.3,10.1,28.7
2024-06-20,Monterrey,29.6,17.3,23.2,69.7,6.1,13.0
2024-06-21,Monterrey,27.8,16.1,22.5,44.0,9.1,22.7
2024-06-22,Monterrey,27.0,17.1,21.7,80.4,13.0,33.9
2024-06-23,Monterrey,32.4,22.6,27.3,85.0,6.2,8.5
2024-06-24,Monterrey,33.7,22.1,27.2,77.9,18.1,29.8
2024-06-25,Monterrey,27.4,16.7,21.8,72.4,2.1,11.9
2024-06-26,Monterrey,35.8,26.3,32.1,56.0,1.5,13.4
2024-06-27,Monterrey,29.3,18.8,25.0,82.4,7.0,29.9
2024-06-28,Monterrey,31.0,21.2,25.3,60.4,3.8,28.5
2024-06-29,Monterrey,26.4,17.0,21.3,43.6,5.8,31.7
2024-06-30,Monterrey,26.6,13.0,20.7,76.1,8.8,34.0
2024-07-01,Monterrey,27.6,15.1,22.9,64.5,6.3,18.8
2024-07-02,Monterrey,31.8,19.7,24.4,45.5,9.4,5.1
2024-07-03,Monterrey,20.2,7.8,12.6,59.8,3.5,29.0
2024-07-04,Monterrey,28.1,15.4,20.4,75.4,,16.0
2024-07-05,Monterrey,28.5,19.5,23.8,68.8,3.0,15.6
2024-07-06,Monterrey,33.4,21.4,27.2,77.2,3.0,7.2
2024-07-07,Monterrey,22.8,13.0,17.5,70.6,5.8,30.3
2024-07-08,Monterrey,32.0,19.9,26.7,66.2,2.8,14.5
2024-07-09,Monterrey,24.6,15.2,19.9,46.1,3.9,10.6
2024-07-10,Monterrey,28.4,13.9,20.9,66.0,2.4,32.1
2024-07-11,Monterrey,31.0,19.6,27.3,68.6,4.8,5.7
2024-07-12,Monterrey,22.0,10.6,17.3,65.5,2.6,20.8
2024-07-13,Monterrey,25.1,11.7,19.5,56.0,12.4,13.0
2024-07-14,Monterrey,26.4,16.2,22.7,52.9,3.7,31.7
2024-07-15,Monterrey,28.6,14.7,22.4,46.4,6.0,15.9
2024-07-16,Monterrey,27.6,15.9,23.5,55.4,14.1,29.6
2024-07-17,Monterrey,23.6,13.3,20.2,70.1,1.4,18.9
2024-07-18,Monterrey,34.8,23.6,29.6,54.1,6.9,30.1
2024-07-19,Monterrey,28.5,17.8,24.9,65.2,4.7,25.4
2024-07-20,Monterrey,26.0,17.3,21.6,59.1,7.9,17.9
2024-07-21,Monterrey,25.6,18.5,22.4,62.8,3.5,31.8
2024-07-22,Monterrey,33.4,21.7,25.8,42.2,10.5,7.3
2024-07-23,Monterrey,22.1,11.5,18.9,77.4,1.6,22.4
2024-07-24,Monterrey,26.0,17.8,21.2,84.3,7.9,29.4
2024-07-25,Monterrey,23.3,13.0,19.7,44.9,14.7,13.6
2024-07-26,Monterrey,28.1,13.4,20.8,42.2,22.0,24.8
2024-07-27,Monterrey,24.6,15.3,18.6,52.8,1.1,5.5
2024-07-28,Monterrey,33.9,24.6,29.0,72.6,12.9,20.6
2024-07-29,Monterrey,26.7,13.1,19.9,43.0,7.1,34.2
2024-07-30,Monterrey,28.9,18.8,23.1,46.5,3.4,17.2
2024-07-31,Monterrey,30.3,18.9,23.3,83.9,6.2,32.9
2024-08-01,Monterrey,32.1,21.6,26.1,89.7,4.1,9.9
2024-08-02,Monterrey,25.6,17.3,22.4,77.7,7.8,33.1
2024-08-03,Monterrey,23.6,12.5,20.2,65.9,9.0,29.5
2024-08-04,Monterrey,27.5,16.0,22.3,75.3,9.4,33.7
2024-08-05,Monterrey,33.3,21.7,25.5,40.9,5.3,10.9
2024-08-06,Monterrey,21.7,9.3,17.2,75.2,3.2,7.8
2024-08-07,Monterrey,30.1,19.7,23.8,61.2,,25.1
2024-08-08,Monterrey,28.0,16.0,22.8,43.4,13.8,34.9
2024-08-09,Monterrey,23.2,12.4,18.8,84.8,9.7,20.8
2024-08-10,Monterrey,28.9,14.5,22.4,55.0,2.5,18.0
2024-08-11,Monterrey,28.8,20.0,24.7,78.7,6.0,7.8
2024-08-12,Monterrey,34.0,22.5,26.5,80.3,1.1,12.3
2024-08-13,Monterrey,26.2,15.2,22.2,63.1,3.8,30.2
2024-08-14,Monterrey,28.5,15.2,22.4,53.1,6.6,23.5
2024-08-15,Monterrey,20.4,10.0,14.8,71.3,,34.1
2024-08-16,Monterrey,29.8,14.5,22.0,79.5,0.4,21.9
2024-08-17,Monterrey,24.5,11.3,18.4,75.4,9.2,22.5
2024-08-18,Monterrey,27.3,13.8,20.4,75.1,5.3,18.6
2024-08-19,Monterrey,16.1,8.7,12.9,47.7,2.8,26.0
2024-08-20,Monterrey,22.0,13.6,19.0,45.9,4.7,23.0
2024-08-21,Monterrey,26.6,16.6,21.8,43.2,2.9,19.4
2024-08-22,Monterrey,28.1,15.2,22.3,74.6,6.4,17.1
2024-08-23,Monterrey,34.1,18.3,26.3,76.5,3.9,30.7
2024-08-24,Monterrey,26.0,12.0,19.4,70.8,5.3,27.0
2024-08-25,Monterrey,24.6,13.6,18.2,48.8,6.2,14.7
2024-08-26,Monterrey,25.8,12.5,18.5,65.9,8.5,18.2
2024-08-27,Monterrey,26.5,14.8,21.6,65.9,7.9,13.3
2024-08-28,Monterrey,24.7,16.5,20.8,77.6,1.8,14.8
2024-08-29,Monterrey,22.1,14.7,18.5,74.2,5.9,7.6
2024-08-30,Monterrey,26.9,15.6,20.4,42.3,4.7,31.9
2024-08-31,Monterrey,26.4,13.7,19.5,61.1,2.1,25.4
2024-09-01,Monterrey,33.3,21.0,25.9,82.1,0.6,25.9
2024-09-02,Monterrey,22.5,9.2,15.5,47.6,5.7,17.9
2024-09-03,Monterrey,24.7,10.2,16.8,60.6,9.3,17.2
2024-09-04,Monterrey,24.1,13.2,21.0,89.3,2.6,31.8
2024-09-05,Monterrey,26.1,13.1,19.7,44.2,5.2,8.5
2024-09-06,Monterrey,29.8,15.1,22.2,51.2,3.7,12.9
2024-09-07,Monterrey,28.7,13.6,21.2,56.4,10.1,13.9
2024-09-08,Monterrey,28.5,16.6,23.0,41.3,13.2,33.7
2024-09-09,Monterrey,19.7,8.8,16.5,50.8,4.7,27.6
2024-09-10,Monterrey,22.9,14.9,18.9,72.1,12.9,23.3
2024-09-11,Monterrey,25.3,10.7,18.7,73.9,3.7,20.7
2024-09-12,Monterrey,26.0,11.9,18.5,65.5,1.0,5.5
2024-09-13,Monterrey,20.2,10.3,14.4,50.4,4.2,25.2
2024-09-14,Monterrey,23.4,12.6,18.4,71.8,1.1,32.6
2024-09-15,Monterrey,24.3,11.4,17.7,62.1,4.5,21.6
2024-09-16,Monterrey,24.0,15.3,19.3,80.4,1.0,24.0
2024-09-17,Monterrey,24.8,13.4,18.0,77.0,3.7,32.0
2024-09-18,Monterrey,25.1,17.1,21.8,45.9,15.7,30.5
2024-09-19,Monterrey,22.3,9.3,17.1,87.7,7.7,15.4
2024-09-20,Monterrey,26.8,14.9,20.0,81.9,3.7,9.6
2024-09-21,Monterrey,25.8,15.6,21.2,51.3,15.1,28.9
2024-09-22,Monterrey,30.4,19.7,24.3,51.6,7.0,22.6
2024-09-23,Monterrey,28.0,15.8,22.7,50.5,1.6,28.4
2024-09-24,Monterrey,25.2,12.1,18.5,61.2,3.1,20.6
2024-09-25,Monterrey,27.8,13.7,20.9,69.2,7.6,29.1
2024-09-26,Monterrey,24.7,13.7,18.6,40.1,0.9,7.3
2024-09-27,Monterrey,22.5,11.7,17.8,81.9,3.9,20.4
2024-09-28,Monterrey,22.2,9.4,15.2,82.3,21.8,29.7
2024-09-29,Monterrey,27.9,14.1,20.3,81.0,3.0,34.0
2024-09-30,Monterrey,24.0,9.1,16.7,82.4,8.8,20.1
2024-10-01,Monterrey,22.8,12.6,18.9,88.8,8.4,23.6
2024-10-02,Monterrey,27.4,14.5,21.8,64.6,7.4,10.1
2024-10-03,Monterrey,30.1,21.3,24.8,56.8,2.9,12.7
2024-10-04,Monterrey,19.5,7.4,12.2,51.5,3.2,6.0
2024-10-05,Monterrey,22.1,10.0,16.1,66.5,2.4,20.3
2024-10-06,Monterrey,23.6,14.1,20.2,40.5,8.0,16.2
2024-10-07,Monterrey,25.7,16.1,22.6,56.1,7.5,34.7
2024-10-08,Monterrey,25.5,15.1,19.3,61.8,,10.1
2024-10-09,Monterrey,30.9,17.7,24.0,68.5,6.4,6.2
2024-10-10,Monterrey,21.5,10.7,18.1,80.8,7.5,11.5
2024-10-11,Monterrey,26.2,13.3,19.5,89.3,7.0,15.2
2024-10-12,Monterrey,20.0,7.6,15.1,60.2,9.1,34.5
2024-10-13,Monterrey,26.4,14.5,19.9,61.5,1.8,19.1
2024-10-14,Monterrey,23.8,8.4,15.8,56.4,15.8,29.6
2024-10-15,Monterrey,24.1,9.4,16.7,58.8,3.9,18.8
2024-10-16,Monterrey,26.6,11.6,19.1,88.3,3.1,22.3
2024-10-17,Monterrey,26.3,13.5,19.8,42.5,9.4,25.8
2024-10-18,Monterrey,24.8,12.9,20.8,57.5,2.4,6.6
2024-10-19,Monterrey,27.8,12.7,20.2,51.3,7.7,16.8
2024-10-20,Monterrey,24.9,12.5,19.5,63.9,3.8,14.8
2024-10-21,Monterrey,27.0,18.1,23.6,47.4,,33.6
2024-10-22,Monterrey,30.4,15.4,23.2,68.4,9.7,27.4
2024-10-23,Monterrey,27.3,19.5,23.8,67.6,3.8,31.4
2024-10-24,Monterrey,25.7,13.6,19.3,88.0,6.5,16.5
2024-10-25,Monterrey,23.7,11.1,17.8,40.2,6.1,24.1
2024-10-26,Monterrey,18.9,8.7,14.4,49.5,6.3,8.6
2024-10-27,Monterrey,19.3,9.8,15.6,53.5,1.1,5.0
2024-10-28,Monterrey,21.9,8.1,14.7,74.5,16.0,25.0
2024-10-29,Monterrey,25.2,15.0,20.9,62.1,9.2,24.6
2024-10-30,Monterrey,31.9,24.7,28.0,61.2,1.2,13.0
2024-10-31,Monterrey,23.5,13.7,19.8,47.8,1.8,29.8
2024-11-01,Monterrey,24.7,12.5,19.4,63.4,3.2,28.7
2024-11-02,Monterrey,17.2,7.1,13.7,83.6,9.0,32.8
2024-11-03,Monterrey,28.4,16.3,21.5,69.7,11.0,14.8
2024-11-04,Monterrey,23.0,15.0,19.0,83.0,14.0,21.4
2024-11-05,Monterrey,19.1,10.5,15.8,79.8,0.6,16.5
2024-11-06,Monterrey,23.0,14.0,19.9,65.3,3.8,22.5
2024-11-07,Monterrey,27.1,17.1,20.6,71.1,9.5,20.4
2024-11-08,Monterrey,22.3,11.1,15.7,55.3,11.5,11.7
2024-11-09,Monterrey,28.5,18.9,23.1,44.0,0.9,13.9
2024-11-10,Monterrey,21.0,8.3,16.2,79.1,8.9,18.9
2024-11-11,Monterrey,28.5,16.7,21.1,85.8,1.8,33.6
2024-11-12,Monterrey,22.7,12.2,18.0,60.2,1.6,30.5
2024-11-13,Monterrey,22.3,11.6,19.1,73.3,13.5,17.5
2024-11-14,Monterrey,31.6,20.1,24.6,63.5,8.7,34.8
2024-11-15,Monterrey,17.3,6.7,12.8,69.1,2.8,16.5
2024-11-16,Monterrey,28.4,17.0,23.4,79.2,8.2,32.0
2024-11-17,Monterrey,25.1,15.1,21.4,67.4,0.6,9.9
2024-11-18,Monterrey,25.3,17.0,20.5,68.6,4.2,32.2
2024-11-19,Monterrey,21.8,12.3,18.5,74.2,17.7,19.7
2024-11-20,Monterrey,26.9,18.5,22.0,71.3,0.8,28.3
2024-11-21,Monterrey,27.7,14.5,20.7,63.4,0.7,16.6
2024-11-22,Monterrey,30.3,18.6,24.6,86.8,3.2,8.0
2024-11-23,Monterrey,28.9,15.7,22.2,89.3,11.9,31.2
2024-11-24,Monterrey,27.9,15.1,21.3,68.3,3.1,6.2
2024-11-25,Monterrey,31.4,20.0,26.0,43.9,2.1,13.4
2024-11-26,Monterrey,21.1,13.8,17.6,48.7,3.3,22.0
2024-11-27,Monterrey,31.5,19.2,23.6,47.9,3.1,30.7
2024-11-28,Monterrey,28.0,18.7,22.1,42.4,5.8,20.2
2024-11-29,Monterrey,26.2,16.9,21.9,75.9,4.3,33.0
2024-11-30,Monterrey,28.1,17.2,24.5,48.0,1.1,21.8
2024-12-01,Monterrey,26.2,14.0,21.3,73.0,2.7,10.0
2024-12-02,Monterrey,27.1,19.4,23.0,62.0,3.9,30.4
2024-12-03,Monterrey,29.2,16.4,23.1,50.7,2.2,21.8
2024-12-04,Monterrey,30.5,20.4,24.0,52.5,3.9,27.0
2024-12-05,Monterrey,22.3,12.0,18.8,42.3,7.7,19.3
2024-12-06,Monterrey,23.3,14.0,20.1,60.3,10.4,7.8
2024-12-07,Monterrey,25.4,10.9,17.8,42.8,2.4,23.4
2024-12-08,Monterrey,26.1,19.1,22.2,41.6,,11.6
2024-12-09,Monterrey,27.0,18.2,22.3,59.6,7.7,22.1
2024-12-10,Monterrey,29.2,17.6,22.4,67.3,3.4,7.8
2024-12-11,Monterrey,29.6,15.5,22.5,76.3,4.7,25.1
2024-12-12,Monterrey,31.6,21.2,26.0,76.5,11.4,21.3
2024-12-13,Monterrey,25.3,13.2,17.5,55.5,3.3,29.7
2024-12-14,Monterrey,35.0,23.2,27.9,49.7,12.4,27.0
2024-12-15,Monterrey,22.6,15.2,18.8,71.4,,5.5
2024-12-16,Monterrey,33.9,22.3,27.4,74.6,2.3,34.3
2024-12-17,Monterrey,29.3,19.8,23.8,77.5,1.8,16.5
2024-12-18,Monterrey,24.0,13.5,18.8,77.2,2.9,9.8
2024-12-19,Monterrey,29.2,20.3,25.6,77.5,5.8,8.0
2024-12-20,Monterrey,31.6,19.7,23.6,89.1,0.2,11.0
2024-12-21,Monterrey,32.6,24.1,28.5,82.7,2.4,23.0
2024-12-22,Monterrey,25.4,14.2,21.9,43.9,1.7,11.4
2024-12-23,Monterrey,35.4,21.2,29.0,62.9,1.0,34.1
2024-12-24,Monterrey,30.8,18.1,23.8,87.8,4.7,19.8
2024-12-25,Monterrey,26.9,13.5,19.9,46.3,1.5,13.7
2024-12-26,Monterrey,23.4,13.6,19.8,82.6,3.4,17.0
2024-12-27,Monterrey,31.4,19.1,24.8,81.4,2.8,10.1
2024-12-28,Monterrey,31.2,17.8,23.4,67.7,6.0,13.9
2024-12-29,Monterrey,31.6,18.8,26.1,79.7,3.7,9.2
2024-12-30,Monterrey,26.8,17.5,23.3,60.6,4.6,17.8
2024-01-01,Puebla,28.9,16.5,21.5,56.7,1.9,9.4
2024-01-02,Puebla,21.9,9.9,14.4,85.0,6.6,14.8
2024-01-03,Puebla,26.1,15.8,20.3,60.1,2.6,16.3
2024-01-04,Puebla,24.3,10.9,18.6,74.1,12.2,12.5
2024-01-05,Puebla,25.2,14.1,19.1,40.6,3.7,31.4
2024-01-06,Puebla,21.0,8.3,14.1,43.7,2.3,6.9
2024-01-07,Puebla,18.0,4.8,12.3,75.3,7.8,8.3
2024-01-08,Puebla,26.8,13.2,19.7,68.8,,8.6
2024-01-09,Puebla,17.5,7.8,13.0,46.0,6.5,21.0
2024-01-10,Puebla,20.2,7.1,15.0,42.5,7.2,22.7
2024-01-11,Puebla,19.5,5.8,13.6,84.2,12.6,24.0
2024-01-12,Puebla,22.7,15.0,19.5,86.1,10.9,15.7
2024-01-13,Puebla,24.0,12.9,16.5,55.5,6.0,8.3
2024-01-14,Puebla,29.2,13.9,21.6,47.8,,28.7
2024-01-15,Puebla,22.3,11.2,15.2,51.8,5.6,34.8
2024-01-16,Puebla,24.5,13.7,17.8,82.3,3.4,27.9
2024-01-17,Puebla,24.9,12.7,17.1,52.3,12.0,21.8
2024-01-18,Puebla,24.4,14.0,18.2,61.6,7.3,25.4
2024-01-19,Puebla,20.8,11.2,16.5,55.0,1.7,16.0
2024-01-20,Puebla,21.7,9.8,15.0,67.4,,11.2
2024-01-21,Puebla,25.4,13.9,17.8,81.7,6.8,32.7
2024-01-22,Puebla,20.8,10.3,15.0,47.0,12.9,12.4
2024-01-23,Puebla,21.0,10.0,15.1,48.3,7.1,12.0
2024-01-24,Puebla,22.4,12.1,15.5,59.1,0.8,31.5
2024-01-25,Puebla,25.9,14.7,18.2,53.6,,10.7
2024-01-26,Puebla,27.9,13.2,20.6,54.8,3.4,27.7
2024-01-27,Puebla,27.4,17.0,21.4,52.6,4.0,11.4
2024-01-28,Puebla,26.8,15.7,18.9,57.6,11.6,16.2
2024-01-29,Puebla,23.3,10.3,17.5,40.9,,26.9
2024-01-30,Puebla,23.5,13.7,17.6,72.7,7.0,25.8
2024-01-31,Puebla,26.6,13.5,19.1,58.1,5.7,32.7
2024-02-01,Puebla,25.3,13.2,18.1,68.7,9.9,29.3
2024-02-02,Puebla,26.3,16.8,22.2,63.6,6.5,21.2
2024-02-03,Puebla,23.9,14.5,18.3,58.6,7.4,14.0
2024-02-04,Puebla,24.6,16.0,19.4,45.1,19.6,24.3
2024-02-05,Puebla,18.7,7.7,12.2,77.9,5.9,21.1
2024-02-06,Puebla,22.2,11.3,14.6,69.4,16.8,26.8
2024-02-07,Puebla,28.2,16.8,21.2,59.4,9.3,10.6
2024-02-08,Puebla,30.1,19.5,25.3,83.4,4.2,17.6
2024-02-09,Puebla,25.7,12.8,20.7,61.6,2.1,29.6
2024-02-10,Puebla,18.3,10.3,14.9,88.3,7.0,22.5
2024-02-11,Puebla,20.7,12.7,17.2,65.0,6.0,24.5
2024-02-12,Puebla,22.2,11.2,14.7,50.8,6.7,19.6
2024-02-13,Puebla,26.5,18.5,22.5,87.0,8.7,8.6
2024-02-14,Puebla,29.9,19.5,22.6,59.4,7.3,14.3
2024-02-15,Puebla,21.8,8.5,14.5,47.3,2.3,24.4
2024-02-16,Puebla,25.9,16.7,21.6,76.7,5.2,15.2
2024-02-17,Puebla,26.8,17.1,21.8,61.8,2.3,20.2
2024-02-18,Puebla,25.2,12.7,20.6,61.6,,10.5
2024-02-19,Puebla,22.8,14.1,18.4,74.2,5.7,18.0
2024-02-20,Puebla,22.0,7.9,15.8,46.9,10.7,23.0
2024-02-21,Puebla,22.8,11.6,19.1,48.7,1.5,28.7
2024-02-22,Puebla,22.4,8.8,15.4,41.1,14.0,33.3
2024-02-23,Puebla,28.3,15.0,21.2,43.1,8.1,30.1
2024-02-24,Puebla,25.3,14.9,20.8,72.4,8.5,12.9
2024-02-25,Puebla,27.6,17.2,21.1,63.2,10.8,11.8
2024-02-26,Puebla,26.1,17.4,22.6,46.3,14.5,13.4
2024-02-27,Puebla,25.2,11.2,18.8,57.4,8.6,24.5
2024-02-28,Puebla,21.8,9.4,14.7,74.0,3.8,31.8
2024-02-29,Puebla,28.3,13.7,20.6,86.1,1.9,6.7
2024-03-01,Puebla,24.9,9.9,17.8,81.2,0.8,15.9
2024-03-02,Puebla,28.1,16.5,21.8,86.7,6.7,28.7
2024-03-03,Puebla,23.9,13.8,17.9,63.9,9.9,31.9
2024-03-04,Puebla,25.9,13.0,19.7,40.1,11.4,28.6
2024-03-05,Puebla,31.6,18.5,25.8,51.6,,33.2
2024-03-06,Puebla,26.6,16.3,21.9,72.9,5.0,31.2
2024-03-07,Puebla,25.4,11.5,18.0,72.8,2.5,21.6
2024-03-08,Puebla,32.4,18.0,24.7,67.5,3.0,17.3
2024-03-09,Puebla,28.9,18.4,24.5,74.3,20.5,28.0
2024-03-10,Puebla,23.8,11.5,16.3,87.6,11.3,11.2
2024-03-11,Puebla,25.8,15.8,22.4,65.6,4.2,13.6
2024-03-12,Puebla,33.0,22.0,26.4,75.7,12.2,11.1
2024-03-13,Puebla,25.4,13.2,19.0,50.2,4.0,11.1
2024-03-14,Puebla,27.2,16.8,22.3,54.8,3.2,11.2
2024-03-15,Puebla,29.8,21.9,24.9,77.9,10.9,29.0
2024-03-16,Puebla,28.4,19.2,22.2,52.7,21.2,26.2
2024-03-17,Puebla,26.2,14.8,20.5,54.6,3.7,27.0
2024-03-18,Puebla,25.7,16.3,21.1,50.4,2.9,20.8
2024-03-19,Puebla,26.0,12.6,20.6,59.4,5.3,31.3
2024-03-20,Puebla,19.4,9.6,13.6,79.7,5.9,11.5
2024-03-21,Puebla,28.5,19.9,24.1,64.9,4.7,25.7
2024-03-22,Puebla,30.3,19.7,22.9,60.2,7.7,26.1
2024-03-23,Puebla,26.8,17.0,22.6,41.6,8.5,32.9
2024-03-24,Puebla,33.4,22.4,27.0,49.9,3.8,11.2
2024-03-25,Puebla,27.7,18.5,22.1,86.9,11.4,31.2
2024-03-26,Puebla,27.4,19.5,24.1,89.6,2.0,34.5
2024-03-27,Puebla,24.3,13.0,20.3,59.5,1.3,13.0
2024-03-28,Puebla,22.1,11.2,18.9,73.1,6.4,33.2
2024-03-29,Puebla,30.3,18.1,22.8,45.6,10.2,6.6
2024-03-30,Puebla,27.5,17.8,23.8,71.0,4.7,27.1
2024-03-31,Puebla,24.3,14.3,19.7,80.7,13.6,13.6
2024-04-01,Puebla,25.1,12.5,18.8,69.6,14.8,17.7
2024-04-02,Puebla,24.2,9.5,17.4,57.9,9.0,5.9
2024-04-03,Puebla,28.0,13.3,20.4,88.6,6.3,15.8
2024-04-04,Puebla,22.3,12.8,19.0,68.5,7.9,22.4
2024-04-05,Puebla,22.9,14.1,18.6,84.3,10.2,35.0
2024-04-06,Puebla,24.1,11.3,18.4,89.5,1.4,9.2
2024-04-07,Puebla,26.2,13.0,18.9,83.7,7.9,6.5
2024-04-08,Puebla,31.6,19.1,24.2,68.0,5.4,26.2
2024-04-09,Puebla,28.0,19.6,23.7,73.7,4.6,16.4
2024-04-10,Puebla,22.0,13.3,18.1,56.9,5.0,31.2
2024-04-11,Puebla,28.7,17.2,23.0,76.2,1.0,14.6
2024-04-12,Puebla,23.6,16.6,19.7,50.5,7.2,21.2
2024-04-13,Puebla,27.0,13.5,20.3,89.9,4.6,32.8
2024-04-14,Puebla,26.0,16.2,22.3,42.8,11.6,19.5
2024-04-15,Puebla,25.7,15.5,20.1,54.2,,5.0
2024-04-16,Puebla,24.5,12.0,17.2,58.2,2.1,29.3
2024-04-17,Puebla,33.2,23.6,28.5,77.8,16.4,13.0
2024-04-18,Puebla,23.4,8.0,15.9,64.7,3.9,11.8
2024-04-19,Puebla,27.3,18.7,22.8,85.3,1.7,17.5
2024-04-20,Puebla,23.8,13.1,19.7,71.6,1.0,9.1
2024-04-21,Puebla,27.0,18.2,21.8,60.8,6.8,21.5
2024-04-22,Puebla,24.3,10.2,17.9,71.9,2.6,8.9
2024-04-23,Puebla,19.0,8.5,14.4,73.8,2.6,33.6
2024-04-24,Puebla,27.3,20.4,23.9,64.7,,9.2
2024-04-25,Puebla,27.4,18.1,22.5,83.0,3.4,16.7
2024-04-26,Puebla,26.2,13.0,20.5,52.8,2.5,8.2
2024-04-27,Puebla,24.4,13.8,17.9,86.3,2.8,28.1
2024-04-28,Puebla,23.2,10.9,18.0,79.2,6.2,12.9
2024-04-29,Puebla,24.3,9.7,17.6,69.7,5.4,31.7
2024-04-30,Puebla,23.5,13.9,19.0,66.4,7.0,17.7
2024-05-01,Puebla,26.8,15.0,19.6,80.9,4.4,30.3
2024-05-02,Puebla,24.7,13.6,19.8,87.1,,31.7
2024-05-03,Puebla,23.7,13.5,20.6,65.8,16.6,8.5
2024-05-04,Puebla,25.7,15.4,22.2,51.1,4.8,26.8
2024-05-05,Puebla,27.9,17.1,20.7,46.8,3.0,23.0
2024-05-06,Puebla,25.7,17.9,21.9,54.1,22.2,32.4
2024-05-07,Puebla,23.2,13.0,18.5,40.7,8.2,6.3
2024-05-08,Puebla,27.8,15.9,22.2,66.4,0.7,11.0
2024-05-09,Puebla,23.6,14.2,19.2,47.0,6.8,25.0
2024-05-10,Puebla,25.7,16.7,22.0,41.9,,18.2
2024-05-11,Puebla,29.0,14.9,22.4,78.0,1.8,16.1
2024-05-12,Puebla,21.4,14.1,17.6,66.0,1.2,26.1
2024-05-13,Puebla,29.0,17.0,23.5,42.4,,8.3
2024-05-14,Puebla,26.4,14.0,20.8,56.7,7.8,8.1
2024-05-15,Puebla,23.8,12.4,19.1,71.3,7.0,6.9
2024-05-16,Puebla,26.1,16.2,19.3,72.5,8.1,31.2
2024-05-17,Puebla,21.2,10.5,16.6,54.3,,5.7
2024-05-18,Puebla,23.4,10.9,15.6,49.5,7.0,8.5
2024-05-19,Puebla,28.4,18.4,21.8,85.9,2.4,20.2
2024-05-20,Puebla,27.8,16.1,23.0,88.7,1.4,24.6
2024-05-21,Puebla,32.1,19.3,25.7,41.3,4.0,27.8
2024-05-22,Puebla,27.6,16.4,21.4,70.4,4.2,30.1
2024-05-23,Puebla,22.4,10.2,16.6,74.1,9.2,11.0
2024-05-24,Puebla,29.0,21.3,24.6,57.7,5.2,13.6
2024-05-25,Puebla,25.2,12.2,17.7,53.5,1.5,5.6
2024-05-26,Puebla,28.0,13.6,20.2,80.0,9.3,8.1
2024-05-27,Puebla,28.0,16.2,22.1,87.6,16.0,10.3
2024-05-28,Puebla,23.1,11.4,17.1,64.7,1.5,23.2
2024-05-29,Puebla,24.3,13.4,18.9,43.9,3.1,22.8
2024-05-30,Puebla,23.0,11.8,15.6,40.8,0.5,30.0
2024-05-31,Puebla,20.8,10.3,13.8,86.7,6.2,25.4
2024-06-01,Puebla,20.3,11.4,16.0,67.4,1.4,9.4
2024-06-02,Puebla,32.9,22.0,25.7,84.6,17.1,14.0
2024-06-03,Puebla,16.3,7.2,12.4,52.2,0.8,23.2
2024-06-04,Puebla,21.9,11.9,18.9,56.5,2.0,18.3
2024-06-05,Puebla,19.7,9.8,13.6,88.5,2.2,22.3
2024-06-06,Puebla,24.2,16.8,20.7,42.1,5.9,8.8
2024-06-07,Puebla,27.5,16.5,22.1,75.1,4.8,16.1
2024-06-08,Puebla,26.5,15.5,19.3,57.2,9.5,14.1
2024-06-09,Puebla,19.2,8.7,13.8,45.3,4.4,10.3
2024-06-10,Puebla,21.8,14.4,18.1,62.6,1.8,12.7
2024-06-11,Puebla,23.2,13.8,17.9,64.7,,12.5
2024-06-12,Puebla,29.3,18.9,22.5,58.5,,31.6
2024-06-13,Puebla,22.2,9.8,15.6,51.2,29.8,6.8
2024-06-14,Puebla,30.0,16.8,22.1,86.3,6.0,30.2
2024-06-15,Puebla,23.5,10.0,16.4,73.3,10.2,25.5
2024-06-16,Puebla,28.4,16.3,20.9,87.2,3.4,29.9
2024-06-17,Puebla,19.3,8.2,16.1,70.1,4.9,27.6
2024-06-18,Puebla,24.5,13.4,17.6,86.5,5.0,26.3
2024-06-19,Puebla,17.2,7.6,13.8,70.8,6.0,9.4
2024-06-20,Puebla,18.2,4.4,12.3,51.8,1.5,17.1
2024-06-21,Puebla,21.1,11.4,14.6,87.9,5.2,22.0
2024-06-22,Puebla,25.9,12.4,19.7,67.5,10.9,24.4
2024-06-23,Puebla,23.2,9.8,15.8,74.5,10.8,22.3
2024-06-24,Puebla,25.7,15.2,19.8,57.5,7.0,30.1
2024-06-25,Puebla,28.4,15.7,21.0,50.4,3.7,25.3
2024-06-26,Puebla,19.7,10.2,15.8,61.3,4.4,33.7
2024-06-27,Puebla,23.7,14.8,19.2,80.0,8.7,8.3
2024-06-28,Puebla,22.2,9.0,14.7,75.9,3.0,15.8
2024-06-29,Puebla,20.0,11.6,14.8,59.3,7.9,25.8
2024-06-30,Puebla,23.3,12.1,17.7,77.1,,5.8
2024-07-01,Puebla,17.5,7.9,13.8,76.9,7.5,29.9
2024-07-02,Puebla,15.9,8.4,12.5,66.7,,28.2
2024-07-03,Puebla,19.2,10.5,15.6,61.7,3.2,31.8
2024-07-04,Puebla,24.8,10.9,17.3,80.9,11.0,20.8
2024-07-05,Puebla,23.5,13.8,17.0,58.9,5.7,33.8
2024-07-06,Puebla,26.1,15.1,18.8,82.3,3.6,22.8
2024-07-07,Puebla,28.3,16.4,21.6,84.4,7.1,28.6
2024-07-08,Puebla,19.3,6.3,13.8,49.5,4.8,29.2
2024-07-09,Puebla,24.3,11.7,18.4,61.1,11.1,25.9
2024-07-10,Puebla,20.8,14.1,17.4,80.0,7.9,22.5
2024-07-11,Puebla,17.2,6.9,14.0,70.4,4.8,33.3
2024-07-12,Puebla,20.3,6.6,13.5,60.2,2.7,33.1
2024-07-13,Puebla,16.9,6.5,13.4,62.7,10.1,10.6
2024-07-14,Puebla,20.9,12.1,16.8,69.8,17.3,32.6
2024-07-15,Puebla,24.7,10.8,17.9,68.5,2.3,27.9
2024-07-16,Puebla,19.6,9.1,15.4,55.2,5.2,22.8
2024-07-17,Puebla,17.8,9.1,12.7,43.9,2.4,17.2
2024-07-18,Puebla,19.0,7.7,12.9,42.9,6.4,7.5
2024-07-19,Puebla,21.6,12.2,15.8,54.4,10.5,24.0
2024-07-20,Puebla,17.6,8.3,13.7,56.9,0.4,15.4
2024-07-21,Puebla,16.9,7.9,13.0,57.8,5.5,29.1
2024-07-22,Puebla,20.5,8.0,13.3,53.7,7.1,29.7
2024-07-23,Puebla,20.4,10.4,14.2,83.0,,17.3
2024-07-24,Puebla,22.3,11.1,19.1,58.2,11.6,30.6
2024-07-25,Puebla,22.7,11.9,15.1,78.3,10.1,6.5
2024-07-26,Puebla,23.4,13.6,16.9,80.3,26.9,17.6
2024-07-27,Puebla,19.3,11.1,14.4,73.6,10.0,32.4
2024-07-28,Puebla,16.3,8.2,12.1,57.8,6.3,12.3
2024-07-29,Puebla,15.5,1.4,9.1,71.9,9.9,27.5
2024-07-30,Puebla,19.8,5.9,13.4,87.9,4.4,34.7
2024-07-31,Puebla,20.2,13.0,16.3,58.9,3.4,11.6
2024-08-01,Puebla,15.6,5.4,10.7,61.3,10.6,22.5
2024-08-02,Puebla,25.6,13.8,19.0,47.1,3.9,28.2
2024-08-03,Puebla,20.9,10.5,16.8,56.7,15.6,24.6
2024-08-04,Puebla,19.9,7.9,12.6,66.3,0.8,27.6
2024-08-05,Puebla,21.5,6.1,14.0,72.8,1.0,8.5
2024-08-06,Puebla,24.2,13.9,19.2,82.4,7.5,10.6
2024-08-07,Puebla,22.1,10.9,17.3,53.2,0.6,31.5
2024-08-08,Puebla,15.8,4.6,9.3,61.7,4.2,8.9
2024-08-09,Puebla,16.1,8.2,12.2,45.6,10.5,30.4
2024-08-10,Puebla,18.1,4.5,12.2,83.8,10.9,8.5
2024-08-11,Puebla,21.7,12.7,16.7,45.1,,13.8
2024-08-12,Puebla,16.6,5.9,11.4,49.1,5.3,5.3
2024-08-13,Puebla,19.5,6.9,14.1,51.0,3.9,25.4
2024-08-14,Puebla,18.2,9.3,14.5,56.3,5.5,10.8
2024-08-15,Puebla,17.7,5.5,11.4,55.8,1.0,14.4
2024-08-16,Puebla,16.9,6.0,12.7,40.9,2.6,33.5
2024-08-17,Puebla,14.8,2.7,8.2,72.0,2.7,15.4
2024-08-18,Puebla,16.4,10.1,13.2,65.8,7.3,18.3
2024-08-19,Puebla,17.1,8.2,12.1,50.1,3.8,11.3
2024-08-20,Puebla,19.6,10.0,13.4,84.0,,8.5
2024-08-21,Puebla,15.3,7.1,10.3,74.1,7.5,14.2
2024-08-22,Puebla,9.9,0.3,6.7,79.3,10.5,23.7
2024-08-23,Puebla,15.4,6.6,11.0,46.2,,15.6
2024-08-24,Puebla,23.2,11.9,16.8,52.8,11.6,24.1
2024-08-25,Puebla,17.6,5.1,10.7,71.2,4.9,33.7
2024-08-26,Puebla,19.6,7.7,12.7,89.1,1.6,13.2
2024-08-27,Puebla,13.9,3.7,7.5,45.4,21.4,33.9
2024-08-28,Puebla,22.2,12.6,16.4,55.6,5.4,8.1
2024-08-29,Puebla,21.2,11.3,16.0,72.8,4.6,32.6
2024-08-30,Puebla,19.8,4.5,12.3,82.1,1.0,31.2
2024-08-31,Puebla,21.2,12.9,16.7,47.0,7.3,13.2
2024-09-01,Puebla,20.0,10.4,13.6,68.4,6.2,21.6
2024-09-02,Puebla,18.0,6.0,11.4,51.2,8.1,25.4
2024-09-03,Puebla,19.6,4.6,11.7,73.0,5.6,34.1
2024-09-04,Puebla,17.9,6.8,11.8,46.7,7.6,20.7
2024-09-05,Puebla,16.7,6.5,11.0,62.7,,21.2
2024-09-06,Puebla,20.3,8.3,16.2,59.5,4.5,23.5
2024-09-07,Puebla,18.9,6.2,12.0,51.5,5.4,15.3
2024-09-08,Puebla,16.5,6.6,10.1,46.4,8.8,27.6
2024-09-09,Puebla,14.8,5.2,10.7,81.2,7.3,11.3
2024-09-10,Puebla,18.4,7.6,13.0,84.5,6.7,25.1
2024-09-11,Puebla,15.1,5.7,10.7,75.5,8.6,21.9
2024-09-12,Puebla,18.8,5.0,11.3,72.4,3.0,31.8
2024-09-13,Puebla,11.5,2.9,6.9,69.7,5.7,15.6
2024-09-14,Puebla,17.7,4.7,10.2,72.3,3.6,11.4
2024-09-15,Puebla,12.0,2.5,7.1,47.6,2.1,27.2
2024-09-16,Puebla,13.4,2.0,8.9,41.1,0.9,31.5
2024-09-17,Puebla,15.7,4.6,11.7,60.7,0.9,7.2
2024-09-18,Puebla,22.0,8.8,14.3,44.3,3.6,13.4
2024-09-19,Puebla,18.9,9.7,13.1,64.1,2.0,32.6
2024-09-20,Puebla,11.1,2.8,6.2,57.4,7.4,13.8
2024-09-21,Puebla,13.5,3.4,7.8,67.5,6.9,28.5
2024-09-22,Puebla,14.6,4.1,10.4,56.2,17.9,22.3
2024-09-23,Puebla,14.7,7.1,11.4,68.6,2.6,22.5
2024-09-24,Puebla,16.1,3.7,8.6,86.3,8.1,25.6
2024-09-25,Puebla,16.5,7.6,11.8,51.1,7.7,20.3
2024-09-26,Puebla,18.2,7.0,12.1,60.9,4.7,17.7
2024-09-27,Puebla,16.8,4.8,9.4,46.6,7.5,21.1
2024-09-28,Puebla,19.1,6.4,14.0,70.4,5.0,25.1
2024-09-29,Puebla,14.5,3.0,7.3,84.4,8.9,31.6
2024-09-30,Puebla,19.9,6.5,13.7,58.0,3.5,21.0
2024-10-01,Puebla,13.9,2.6,8.3,82.1,3.3,21.8
2024-10-02,Puebla,14.1,2.8,8.2,67.4,5.9,22.0
2024-10-03,Puebla,10.1,-0.1,6.8,59.8,14.3,12.7
2024-10-04,Puebla,16.2,2.1,9.8,78.5,4.5,26.3
2024-10-05,Puebla,17.9,4.6,10.8,85.3,2.2,32.7
2024-10-06,Puebla,18.9,9.7,15.4,55.7,9.0,32.5
2024-10-07,Puebla,12.1,0.7,7.1,76.4,7.9,7.6
2024-10-08,Puebla,15.2,4.5,11.9,88.7,10.4,10.7
2024-10-09,Puebla,14.2,4.4,7.8,63.4,11.1,23.9
2024-10-10,Puebla,18.9,10.0,13.2,77.1,10.5,5.4
2024-10-11,Puebla,14.2,5.8,10.6,69.0,7.4,25.9
2024-10-12,Puebla,14.9,4.6,9.4,58.8,2.5,15.5
2024-10-13,Puebla,15.3,6.7,11.1,49.0,5.8,19.2
2024-10-14,Puebla,21.7,10.0,14.1,67.7,4.4,23.2
2024-10-15,Puebla,12.8,4.6,8.0,72.8,1.8,33.7
2024-10-16,Puebla,18.3,3.8,11.1,44.9,6.7,20.8
2024-10-17,Puebla,13.6,4.5,9.9,67.9,,19.1
2024-10-18,Puebla,15.2,3.3,10.9,60.9,2.1,8.3
2024-10-19,Puebla,14.8,4.9,9.6,51.2,7.0,26.4
2024-10-20,Puebla,18.4,6.2,11.7,84.9,4.6,24.9
2024-10-21,Puebla,17.3,7.7,12.3,86.7,3.9,32.7
2024-10-22,Puebla,15.4,5.6,12.0,51.3,2.8,24.4
2024-10-23,Puebla,15.6,4.0,10.8,64.5,0.6,34.0
2024-10-24,Puebla,13.5,2.5,7.0,76.7,2.5,27.5
2024-10-25,Puebla,15.2,3.0,10.3,59.3,12.6,32.8
2024-10-26,Puebla,14.6,6.9,11.2,78.4,15.9,13.4
2024-10-27,Puebla,22.9,12.9,17.3,50.5,8.6,11.1
2024-10-28,Puebla,20.2,9.7,14.4,81.2,6.2,15.6
2024-10-29,Puebla,18.2,8.8,12.2,40.5,4.8,9.7
2024-10-30,Puebla,16.9,2.9,10.9,48.9,2.0,13.8
2024-10-31,Puebla,19.4,7.6,12.0,80.3,2.8,12.9
2024-11-01,Puebla,16.0,2.7,8.9,60.3,4.9,10.9
2024-11-02,Puebla,20.7,10.1,13.2,67.3,9.0,16.7
2024-11-03,Puebla,12.1,-3.8,4.1,88.1,12.5,26.4
2024-11-04,Puebla,15.7,7.3,10.6,80.5,4.5,14.8
2024-11-05,Puebla,19.2,8.7,13.2,70.5,5.2,33.1
2024-11-06,Puebla,18.2,8.7,12.4,64.9,9.9,14.5
2024-11-07,Puebla,17.1,10.0,13.3,76.9,3.6,33.6
2024-11-08,Puebla,23.6,11.9,16.0,79.0,,10.3
2024-11-09,Puebla,17.7,7.1,13.2,58.8,9.1,27.2
2024-11-10,Puebla,10.3,-0.1,5.3,88.7,11.7,31.8
2024-11-11,Puebla,15.4,4.0,8.2,74.6,10.1,24.0
2024-11-12,Puebla,18.8,3.5,10.9,48.0,0.5,15.1
2024-11-13,Puebla,18.9,8.5,14.2,49.6,,27.2
2024-11-14,Puebla,16.4,8.4,13.3,60.4,18.1,11.4
2024-11-15,Puebla,19.3,4.0,11.9,41.0,0.5,15.1
2024-11-16,Puebla,20.5,10.3,14.3,85.6,0.6,5.5
2024-11-17,Puebla,16.6,6.6,11.4,56.9,4.4,9.3
2024-11-18,Puebla,20.4,9.3,12.5,48.4,5.3,7.4
2024-11-19,Puebla,19.8,9.8,13.5,73.6,5.1,23.8
2024-11-20,Puebla,19.5,8.3,14.0,63.9,8.5,29.8
2024-11-21,Puebla,22.6,11.7,18.3,50.7,3.3,28.7
2024-11-22,Puebla,18.5,6.9,14.1,72.2,1.3,11.5
2024-11-23,Puebla,13.8,0.8,7.3,86.1,8.0,29.9
2024-11-24,Puebla,24.5,14.8,18.0,58.7,6.6,9.3
2024-11-25,Puebla,25.7,15.5,19.9,51.7,12.2,11.5
2024-11-26,Puebla,15.3,6.3,11.7,79.7,1.6,30.7
2024-11-27,Puebla,19.2,9.6,15.3,57.8,3.7,15.4
2024-11-28,Puebla,16.7,8.4,13.4,46.5,10.9,18.4
2024-11-29,Puebla,15.1,5.5,11.6,48.2,5.9,18.8
2024-11-30,Puebla,14.9,4.3,11.7,43.3,4.0,21.3
2024-12-01,Puebla,24.3,9.0,16.5,63.5,8.3,29.9
2024-12-02,Puebla,21.9,14.1,18.8,88.0,25.1,31.8
2024-12-03,Puebla,17.0,8.9,12.9,51.4,5.9,16.3
2024-12-04,Puebla,22.7,8.2,15.2,77.5,4.7,32.3
2024-12-05,Puebla,21.6,8.9,14.7,43.8,6.6,31.5
2024-12-06,Puebla,25.0,15.4,20.3,73.6,2.3,7.8
2024-12-07,Puebla,17.9,10.9,13.9,49.1,7.0,21.2
2024-12-08,Puebla,14.6,3.3,8.1,77.6,2.6,14.1
2024-12-09,Puebla,26.9,15.7,20.8,84.5,9.6,24.4
2024-12-10,Puebla,19.0,9.1,14.9,79.3,12.1,25.7
2024-12-11,Puebla,15.8,5.8,10.2,80.7,7.6,32.1
2024-12-12,Puebla,24.0,12.9,17.0,59.6,,11.2
2024-12-13,Puebla,22.6,13.1,18.8,86.0,8.8,25.0
2024-12-14,Puebla,24.3,11.7,19.4,75.3,2.5,16.8
2024-12-15,Puebla,23.9,9.3,17.0,61.4,4.4,27.2
2024-12-16,Puebla,26.3,15.3,19.3,55.3,1.4,22.7
2024-12-17,Puebla,18.3,10.8,14.7,87.7,9.3,31.9
2024-12-18,Puebla,22.8,11.3,17.6,88.0,4.8,20.0
2024-12-19,Puebla,16.4,4.6,12.1,59.9,9.7,20.1
2024-12-20,Puebla,21.4,12.8,16.1,40.6,2.9,5.1
2024-12-21,Puebla,21.7,10.5,15.6,46.4,7.7,18.9
2024-12-22,Puebla,17.0,6.5,10.0,44.2,5.2,8.9
2024-12-23,Puebla,19.7,8.1,13.5,89.4,9.5,34.9
2024-12-24,Puebla,27.1,13.5,19.2,62.8,0.3,13.2
2024-12-25,Puebla,19.3,6.3,11.7,82.1,15.7,23.7
2024-12-26,Puebla,20.5,10.1,15.0,84.1,4.9,30.8
2024-12-27,Puebla,16.9,6.5,12.6,48.3,9.1,24.9
2024-12-28,Puebla,19.1,10.0,15.1,67.0,16.2,13.2
2024-12-29,Puebla,25.0,16.9,20.0,78.4,3.5,6.3
2024-12-30,Puebla,25.2,10.3,17.3,58.0,0.7,26.5
2024-01-01,Cancún,32.8,20.1,27.5,65.9,6.5,33.1
2024-01-02,Cancún,30.0,20.0,25.1,72.5,7.1,13.3
2024-01-03,Cancún,33.2,21.4,29.4,63.2,1.4,9.8
2024-01-04,Cancún,36.5,23.8,30.7,53.5,1.1,13.7
2024-01-05,Cancún,37.2,27.9,33.6,40.6,13.0,25.9
2024-01-06,Cancún,34.1,22.8,30.6,45.5,4.7,33.1
2024-01-07,Cancún,35.4,26.6,29.8,72.7,12.1,32.9
2024-01-08,Cancún,36.2,24.6,32.0,66.9,10.1,13.1
2024-01-09,Cancún,33.3,25.0,30.0,49.2,13.5,16.5
2024-01-10,Cancún,41.9,32.9,36.1,77.5,3.0,15.5
2024-01-11,Cancún,35.9,23.0,29.3,70.6,1.4,30.1
2024-01-12,Cancún,28.1,19.6,24.6,70.9,3.7,33.9
2024-01-13,Cancún,34.7,20.7,27.2,57.4,17.8,25.0
2024-01-14,Cancún,36.2,24.7,31.0,77.2,6.3,7.5
2024-01-15,Cancún,35.4,27.1,30.6,51.6,6.0,33.3
2024-01-16,Cancún,32.4,19.6,26.2,59.7,5.1,14.7
2024-01-17,Cancún,31.8,20.1,27.5,67.4,10.8,33.1
2024-01-18,Cancún,32.4,19.0,26.3,74.8,8.3,24.5
2024-01-19,Cancún,36.9,26.5,33.0,41.4,6.9,33.8
2024-01-20,Cancún,33.9,21.3,28.0,57.2,2.2,32.0
2024-01-21,Cancún,37.4,25.0,32.5,53.9,10.0,15.9
2024-01-22,Cancún,36.2,25.4,32.5,80.6,6.6,27.8
2024-01-23,Cancún,35.9,23.1,28.6,52.3,3.6,31.8
2024-01-24,Cancún,31.0,18.9,25.6,43.4,11.6,18.9
2024-01-25,Cancún,29.6,21.9,25.1,41.6,10.4,20.9
2024-01-26,Cancún,34.2,24.9,29.2,60.0,27.2,8.5
2024-01-27,Cancún,36.5,26.4,31.6,79.9,4.3,10.5
2024-01-28,Cancún,33.5,27.0,30.3,85.4,7.0,18.8
2024-01-29,Cancún,36.0,26.2,31.3,74.1,3.8,23.9
2024-01-30,Cancún,35.9,26.6,31.0,54.3,6.1,19.8
2024-01-31,Cancún,31.2,22.6,27.4,68.1,4.1,19.6
2024-02-01,Cancún,38.3,29.6,33.2,66.5,9.3,9.1
2024-02-02,Cancún,36.7,25.1,30.6,47.1,5.3,23.8
2024-02-03,Cancún,36.0,22.9,28.2,41.5,2.5,22.5
2024-02-04,Cancún,34.0,21.8,27.9,41.9,4.5,17.4
2024-02-05,Cancún,29.8,17.5,25.4,42.1,6.9,6.4
2024-02-06,Cancún,34.5,27.1,30.7,52.8,10.6,27.3
2024-02-07,Cancún,31.4,20.3,25.0,45.6,2.3,5.7
2024-02-08,Cancún,36.7,21.4,29.0,42.5,4.1,11.1
2024-02-09,Cancún,38.2,27.0,30.4,50.6,5.9,10.7
2024-02-10,Cancún,36.6,27.3,32.5,78.4,2.3,12.1
2024-02-11,Cancún,33.8,23.0,27.9,41.7,8.5,14.7
2024-02-12,Cancún,34.1,24.7,30.8,82.5,1.6,27.4
2024-02-13,Cancún,35.1,24.7,29.2,51.0,5.7,7.2
2024-02-14,Cancún,42.5,29.8,36.9,87.3,6.1,31.7
2024-02-15,Cancún,35.8,21.2,29.0,88.0,8.5,11.4
2024-02-16,Cancún,32.8,25.4,28.8,79.8,9.1,25.2
2024-02-17,Cancún,34.8,25.1,30.4,60.6,7.9,6.1
2024-02-18,Cancún,37.3,26.6,30.2,60.2,4.5,24.8
2024-02-19,Cancún,38.1,28.0,31.8,52.8,4.6,28.1
2024-02-20,Cancún,36.8,21.8,29.6,59.4,5.8,27.1
2024-02-21,Cancún,31.6,24.1,28.4,74.8,9.2,28.9
2024-02-22,Cancún,33.8,21.6,29.1,42.6,10.6,30.2
2024-02-23,Cancún,38.4,25.3,30.5,68.0,,23.3
2024-02-24,Cancún,37.2,28.5,32.5,44.2,9.3,21.6
2024-02-25,Cancún,39.1,27.8,32.9,85.2,2.3,31.7
2024-02-26,Cancún,39.1,26.7,31.1,47.2,16.2,33.5
2024-02-27,Cancún,38.8,24.3,31.7,67.1,11.3,13.6
2024-02-28,Cancún,32.9,23.5,29.1,69.7,2.1,10.1
2024-02-29,Cancún,39.1,27.6,32.8,82.4,8.4,21.8
2024-03-01,Cancún,38.3,28.7,35.0,63.3,3.1,14.5
2024-03-02,Cancún,40.3,28.9,34.6,75.9,2.1,9.8
2024-03-03,Cancún,36.3,23.2,28.4,45.6,9.7,14.2
2024-03-04,Cancún,39.5,26.6,31.7,57.4,1.8,5.4
2024-03-05,Cancún,37.8,30.1,34.0,86.3,5.2,9.6
2024-03-06,Cancún,35.9,23.8,30.7,67.7,4.5,14.8
2024-03-07,Cancún,38.1,28.9,33.9,80.1,10.6,14.0
2024-03-08,Cancún,37.1,24.1,30.0,75.5,2.7,34.6
2024-03-09,Cancún,35.8,27.3,30.4,79.6,3.1,25.6
2024-03-10,Cancún,35.8,23.7,30.9,57.4,3.7,13.2
2024-03-11,Cancún,38.9,29.5,33.2,57.4,,31.1
2024-03-12,Cancún,36.7,27.0,30.9,70.5,3.7,11.9
2024-03-13,Cancún,43.1,33.1,37.4,84.6,0.9,6.2
2024-03-14,Cancún,35.4,22.1,29.9,74.9,6.1,22.2
2024-03-15,Cancún,36.7,24.2,32.0,52.1,1.5,33.1
2024-03-16,Cancún,35.1,23.5,28.0,48.2,10.3,24.2
2024-03-17,Cancún,44.1,31.3,36.2,48.5,8.0,14.5
2024-03-18,Cancún,32.9,21.2,27.9,58.1,13.1,5.4
2024-03-19,Cancún,36.0,24.7,29.3,71.7,1.7,24.8
2024-03-20,Cancún,33.3,22.7,28.5,43.2,15.4,29.8
2024-03-21,Cancún,43.1,31.1,35.4,77.1,0.6,20.7
2024-03-22,Cancún,39.4,25.8,33.3,75.8,10.0,22.6
2024-03-23,Cancún,44.4,29.5,36.5,75.4,7.3,29.5
2024-03-24,Cancún,39.7,28.0,35.6,44.9,8.5,24.9
2024-03-25,Cancún,35.9,24.4,29.4,40.0,10.7,31.5
2024-03-26,Cancún,38.3,26.7,31.9,79.8,4.1,30.4
2024-03-27,Cancún,39.4,28.5,33.2,42.1,0.6,5.4
2024-03-28,Cancún,39.1,26.3,31.2,79.2,2.3,30.9
2024-03-29,Cancún,42.1,31.0,34.5,70.1,0.8,31.7
2024-03-30,Cancún,34.9,28.0,31.1,71.1,11.9,14.4
2024-03-31,Cancún,39.7,29.0,32.9,40.7,6.4,25.0
2024-04-01,Cancún,41.2,31.4,36.0,85.8,5.1,13.1
2024-04-02,Cancún,40.4,30.1,33.2,57.9,4.6,33.4
2024-04-03,Cancún,40.8,31.9,35.8,40.2,,16.4
2024-04-04,Cancún,39.0,24.6,32.1,51.9,4.7,8.7
2024-04-05,Cancún,35.3,23.0,29.7,67.7,4.5,15.6
2024-04-06,Cancún,40.1,29.2,36.4,63.8,15.4,8.7
2024-04-07,Cancún,37.4,25.9,32.4,40.5,8.9,14.1
2024-04-08,Cancún,38.0,28.9,33.2,69.5,10.6,12.4
2024-04-09,Cancún,40.3,29.9,35.4,72.5,3.3,33.5
2024-04-10,Cancún,42.7,32.2,37.2,43.9,4.0,21.1
2024-04-11,Cancún,41.5,29.2,34.2,79.2,4.4,21.0
2024-04-12,Cancún,44.3,30.0,36.6,86.3,,20.0
2024-04-13,Cancún,37.2,25.2,29.8,46.4,4.7,15.4
2024-04-14,Cancún,37.8,25.7,30.7,70.5,15.9,32.6
2024-04-15,Cancún,39.1,28.6,32.9,46.2,6.7,16.4
2024-04-16,Cancún,36.0,24.0,31.3,83.7,8.6,27.5
2024-04-17,Cancún,45.5,37.1,40.5,78.4,6.1,19.5
2024-04-18,Cancún,43.9,31.5,36.3,76.2,12.7,20.1
2024-04-19,Cancún,34.7,27.2,30.6,70.9,4.6,33.6
2024-04-20,Cancún,39.8,27.2,33.5,48.9,0.3,29.0
2024-04-21,Cancún,37.6,29.0,32.3,85.3,8.7,7.1
2024-04-22,Cancún,38.7,27.1,32.9,50.7,0.2,12.8
2024-04-23,Cancún,33.3,23.2,27.4,62.3,1.7,33.9
2024-04-24,Cancún,35.5,24.1,29.8,87.1,6.1,30.1
2024-04-25,Cancún,36.2,27.2,30.3,88.7,,17.7
2024-04-26,Cancún,34.9,26.0,30.7,89.3,7.0,20.8
2024-04-27,Cancún,30.4,20.2,25.8,45.7,6.7,26.8
2024-04-28,Cancún,33.6,25.2,30.2,40.1,,8.1
2024-04-29,Cancún,35.6,27.3,32.6,47.8,6.4,16.9
2024-04-30,Cancún,40.9,26.3,33.0,87.7,3.4,14.1
2024-05-01,Cancún,37.3,26.8,30.7,66.2,8.6,11.7
2024-05-02,Cancún,36.7,27.2,30.7,63.3,10.8,24.2
2024-05-03,Cancún,39.4,23.7,31.7,72.7,21.4,34.6
2024-05-04,Cancún,40.2,29.2,33.7,42.9,3.4,23.9
2024-05-05,Cancún,31.9,23.9,27.8,63.6,,22.3
2024-05-06,Cancún,39.4,30.3,35.1,50.7,15.3,12.6
2024-05-07,Cancún,40.9,29.7,34.0,47.5,10.6,24.4
2024-05-08,Cancún,34.3,22.5,26.9,62.5,2.9,33.6
2024-05-09,Cancún,33.3,21.3,28.2,47.1,6.4,32.1
2024-05-10,Cancún,36.6,27.4,32.8,71.0,10.2,10.3
2024-05-11,Cancún,37.0,25.3,32.7,87.1,5.2,23.5
2024-05-12,Cancún,44.1,33.8,40.2,62.6,3.3,30.1
2024-05-13,Cancún,37.9,25.1,31.8,66.1,1.3,19.0
2024-05-14,Cancún,42.9,30.4,36.5,75.1,5.3,19.9
2024-05-15,Cancún,43.9,29.4,36.1,48.6,5.8,26.6
2024-05-16,Cancún,38.8,30.4,35.4,65.9,7.2,24.6
2024-05-17,Cancún,39.6,30.1,33.8,51.7,1.9,6.7
2024-05-18,Cancún,37.1,25.3,29.8,54.5,4.5,11.2
2024-05-19,Cancún,33.1,20.4,27.1,58.7,5.3,26.9
2024-05-20,Cancún,46.3,33.1,39.3,56.2,4.7,17.2
2024-05-21,Cancún,40.1,26.4,33.6,57.8,7.8,10.5
2024-05-22,Cancún,34.3,21.9,27.3,80.0,0.3,32.0
2024-05-23,Cancún,36.1,26.2,31.5,51.5,7.4,28.8
2024-05-24,Cancún,34.4,21.2,29.2,49.9,4.2,31.2
2024-05-25,Cancún,42.0,27.6,34.7,52.4,12.4,9.6
2024-05-26,Cancún,33.0,20.9,28.8,47.6,4.4,24.8
2024-05-27,Cancún,41.4,31.4,36.2,77.7,10.4,22.3
2024-05-28,Cancún,33.7,24.8,28.8,75.5,4.3,17.0
2024-05-29,Cancún,32.9,21.5,28.0,48.9,1.3,9.9
2024-05-30,Cancún,33.7,20.6,27.9,65.7,3.3,7.8
2024-05-31,Cancún,37.2,26.8,31.2,54.4,4.2,22.5
2024-06-01,Cancún,32.3,22.7,29.0,64.4,11.6,10.2
2024-06-02,Cancún,36.6,23.1,30.9,65.9,7.3,24.4
2024-06-03,Cancún,37.4,26.7,32.3,65.4,2.7,28.7
2024-06-04,Cancún,41.6,27.4,35.2,61.4,4.0,28.2
2024-06-05,Cancún,39.0,27.6,31.7,69.8,10.6,32.1
2024-06-06,Cancún,30.9,22.6,27.5,44.1,3.2,20.9
2024-06-07,Cancún,39.0,26.8,31.2,62.7,,31.8
2024-06-08,Cancún,35.1,25.0,31.5,57.4,4.1,34.4
2024-06-09,Cancún,32.4,20.0,27.4,65.5,,22.0
2024-06-10,Cancún,37.1,24.3,30.1,86.8,3.6,25.1
2024-06-11,Cancún,38.5,22.9,30.8,78.2,13.5,13.5
2024-06-12,Cancún,37.2,23.6,31.0,88.5,10.7,23.7
2024-06-13,Cancún,32.5,21.7,27.8,69.2,14.1,10.1
2024-06-14,Cancún,38.6,27.8,33.8,54.2,10.3,29.6
2024-06-15,Cancún,35.0,26.0,29.1,85.1,5.1,7.1
2024-06-16,Cancún,35.0,20.8,27.6,49.8,11.5,19.0
2024-06-17,Cancún,38.2,25.2,30.8,74.4,3.4,13.5
2024-06-18,Cancún,32.9,20.8,26.1,58.8,1.7,23.7
2024-06-19,Cancún,31.3,19.7,27.6,62.2,,23.0
2024-06-20,Cancún,40.8,26.9,33.0,79.2,6.6,13.2
2024-06-21,Cancún,38.1,25.5,30.9,71.0,5.0,22.5
2024-06-22,Cancún,31.6,22.2,26.3,55.5,2.0,22.7
2024-06-23,Cancún,38.8,27.6,30.9,45.4,32.0,29.8
2024-06-24,Cancún,36.4,26.1,30.9,55.9,3.9,11.4
2024-06-25,Cancún,35.8,22.6,29.7,56.5,3.3,12.4
2024-06-26,Cancún,34.2,23.3,26.8,41.6,6.5,11.4
2024-06-27,Cancún,34.6,23.1,28.7,69.6,5.3,29.6
2024-06-28,Cancún,32.1,20.6,27.6,61.3,20.4,15.9
2024-06-29,Cancún,35.6,21.5,28.9,59.4,11.3,15.0
2024-06-30,Cancún,33.9,24.3,30.4,80.0,1.7,30.0
2024-07-01,Cancún,33.8,22.1,29.3,79.2,15.5,24.2
2024-07-02,Cancún,33.9,25.1,29.0,78.0,8.0,7.7
2024-07-03,Cancún,29.2,20.5,24.9,72.4,3.3,22.0
2024-07-04,Cancún,39.7,28.6,36.6,67.9,5.4,5.7
2024-07-05,Cancún,33.9,23.3,26.3,68.9,6.6,15.6
2024-07-06,Cancún,35.8,23.0,28.7,55.2,2.7,23.6
2024-07-07,Cancún,33.9,20.8,27.2,73.4,5.1,6.3
2024-07-08,Cancún,34.1,21.2,26.3,54.5,12.7,24.4
2024-07-09,Cancún,33.3,21.6,27.8,46.9,2.1,18.7
2024-07-10,Cancún,27.9,21.5,24.7,44.5,0.4,26.6
2024-07-11,Cancún,31.1,23.1,26.9,53.9,2.5,10.0
2024-07-12,Cancún,36.2,22.7,29.3,56.1,8.3,16.6
2024-07-13,Cancún,24.7,16.5,21.4,50.4,5.6,13.8
2024-07-14,Cancún,31.2,20.8,28.0,85.3,4.4,9.4
2024-07-15,Cancún,28.4,19.4,23.9,41.5,0.8,26.4
2024-07-16,Cancún,33.5,24.6,28.7,45.1,2.5,17.8
2024-07-17,Cancún,31.6,20.6,28.4,71.4,3.9,15.7
2024-07-18,Cancún,32.5,19.9,25.7,61.7,4.6,25.0
2024-07-19,Cancún,34.9,21.7,27.8,74.9,3.7,25.4
2024-07-20,Cancún,23.6,16.5,19.5,86.7,2.1,14.9
2024-07-21,Cancún,29.9,21.2,24.5,42.6,,17.1
2024-07-22,Cancún,27.5,20.0,23.1,84.3,4.2,21.4
2024-07-23,Cancún,33.2,19.3,27.1,58.9,9.5,8.7
2024-07-24,Cancún,31.9,23.3,27.0,40.8,2.5,31.2
2024-07-25,Cancún,33.6,24.2,28.4,53.1,2.7,10.1
2024-07-26,Cancún,29.9,20.7,24.1,87.5,,29.3
2024-07-27,Cancún,33.8,20.0,26.5,44.6,6.5,20.8
2024-07-28,Cancún,28.3,20.2,24.0,50.3,13.3,26.0
2024-07-29,Cancún,29.3,16.4,23.9,51.6,2.3,20.2
2024-07-30,Cancún,32.0,21.3,25.3,50.9,1.4,30.1
2024-07-31,Cancún,35.6,23.9,30.1,72.8,7.3,15.3
2024-08-01,Cancún,36.9,25.0,29.0,69.3,6.2,7.4
2024-08-02,Cancún,33.7,24.9,28.8,88.0,9.8,8.3
2024-08-03,Cancún,32.2,23.6,27.9,64.3,0.3,34.6
2024-08-04,Cancún,25.6,15.1,21.1,52.0,1.3,13.0
2024-08-05,Cancún,27.9,17.7,24.7,46.4,3.6,26.8
2024-08-06,Cancún,24.3,13.9,18.3,42.6,,16.9
2024-08-07,Cancún,35.3,21.1,28.7,72.6,13.5,22.5
2024-08-08,Cancún,22.9,12.7,19.2,47.3,6.2,33.3
2024-08-09,Cancún,30.0,18.3,23.7,57.6,1.3,26.5
2024-08-10,Cancún,28.8,20.4,24.7,77.5,,26.6
2024-08-11,Cancún,28.8,16.2,22.7,50.7,9.1,18.1
2024-08-12,Cancún,35.5,24.2,29.7,72.1,5.7,18.8
2024-08-13,Cancún,26.1,13.3,20.7,80.9,12.8,27.3
2024-08-14,Cancún,32.6,22.6,27.1,47.0,2.3,29.7
2024-08-15,Cancún,30.6,19.9,27.0,72.0,2.5,15.1
2024-08-16,Cancún,27.2,19.1,23.5,42.6,1.9,11.5
2024-08-17,Cancún,32.3,21.3,25.3,76.1,9.3,19.9
2024-08-18,Cancún,22.8,13.6,19.0,47.1,2.1,22.9
2024-08-19,Cancún,31.7,18.6,23.8,74.4,4.5,9.3
2024-08-20,Cancún,41.2,28.7,33.8,70.7,0.3,21.7
2024-08-21,Cancún,29.5,20.9,25.8,62.3,2.2,31.1
2024-08-22,Cancún,31.9,20.6,25.2,65.2,6.8,27.7
2024-08-23,Cancún,27.6,17.5,21.9,83.1,7.8,33.7
2024-08-24,Cancún,31.7,19.9,26.3,81.2,0.3,28.4
2024-08-25,Cancún,22.8,11.2,16.4,61.0,,33.1
2024-08-26,Cancún,32.3,22.0,26.8,47.0,,26.3
2024-08-27,Cancún,29.7,17.2,25.1,50.3,4.6,14.4
2024-08-28,Cancún,27.7,20.0,24.0,55.6,10.0,15.0
2024-08-29,Cancún,33.1,20.3,25.8,56.6,2.2,7.7
2024-08-30,Cancún,22.9,14.6,18.0,47.0,11.2,24.0
2024-08-31,Cancún,27.9,15.2,22.3,84.0,6.4,22.8
2024-09-01,Cancún,30.7,19.1,24.8,64.0,6.0,13.4
2024-09-02,Cancún,32.0,20.9,25.9,62.1,13.9,15.0
2024-09-03,Cancún,27.5,14.1,21.0,49.5,5.2,12.1
2024-09-04,Cancún,29.9,17.5,23.7,60.3,4.7,12.4
2024-09-05,Cancún,26.4,17.1,20.5,64.5,6.1,7.1
2024-09-06,Cancún,26.4,15.2,21.6,66.5,1.8,18.5
2024-09-07,Cancún,35.1,21.2,28.5,87.1,22.4,9.5
2024-09-08,Cancún,32.7,17.7,25.1,42.7,10.0,8.7
2024-09-09,Cancún,26.5,16.4,23.1,88.4,,12.1
2024-09-10,Cancún,30.5,17.8,23.8,83.4,5.7,32.9
2024-09-11,Cancún,30.6,19.1,25.1,82.0,3.5,15.9
2024-09-12,Cancún,31.9,20.9,24.7,75.3,7.1,28.6
2024-09-13,Cancún,31.0,17.8,25.7,69.0,2.3,16.0
2024-09-14,Cancún,26.2,17.0,23.1,81.5,15.2,11.6
2024-09-15,Cancún,31.0,19.1,26.8,86.4,6.8,12.9
2024-09-16,Cancún,30.3,18.5,23.7,48.5,5.3,23.2
2024-09-17,Cancún,27.2,18.3,23.5,44.5,0.5,30.7
2024-09-18,Cancún,27.9,19.9,24.2,58.1,1.4,6.4
2024-09-19,Cancún,29.8,21.9,26.1,68.6,2.1,7.2
2024-09-20,Cancún,25.6,14.0,21.6,44.8,4.6,10.3
2024-09-21,Cancún,30.8,19.7,23.4,78.1,10.7,21.3
2024-09-22,Cancún,32.0,19.7,24.6,69.5,10.6,11.4
2024-09-23,Cancún,30.1,20.5,24.8,57.6,4.9,33.6
2024-09-24,Cancún,28.9,19.4,23.3,46.2,5.9,5.5
2024-09-25,Cancún,29.4,15.6,23.6,87.7,6.0,18.9
2024-09-26,Cancún,27.0,18.2,23.2,87.1,1.6,9.6
2024-09-27,Cancún,32.4,24.4,28.4,89.5,13.0,30.1
2024-09-28,Cancún,19.9,8.5,15.4,84.0,1.7,7.9
2024-09-29,Cancún,29.2,20.3,24.0,57.0,3.6,30.6
2024-09-30,Cancún,23.6,14.7,19.8,43.8,7.1,17.0
2024-10-01,Cancún,29.9,17.5,23.4,80.1,0.4,28.6
2024-10-02,Cancún,23.4,12.6,20.2,87.3,7.7,26.7
2024-10-03,Cancún,31.9,16.7,24.0,55.2,0.9,19.5
2024-10-04,Cancún,24.0,14.8,17.9,78.2,1.5,29.9
2024-10-05,Cancún,30.6,18.2,23.7,87.6,11.1,32.5
2024-10-06,Cancún,26.8,15.6,21.6,51.5,4.0,29.2
2024-10-07,Cancún,29.3,18.9,24.6,73.3,1.1,34.8
2024-10-08,Cancún,33.5,19.6,26.8,48.7,6.0,19.6
2024-10-09,Cancún,29.8,18.3,22.0,48.8,6.8,22.6
2024-10-10,Cancún,28.3,18.6,22.5,71.6,,19.7
2024-10-11,Cancún,29.6,22.1,25.9,73.6,16.0,32.2
2024-10-12,Cancún,21.1,12.7,17.9,72.6,2.2,13.0
2024-10-13,Cancún,35.2,25.1,29.4,79.8,5.7,32.1
2024-10-14,Cancún,27.6,16.0,22.7,62.8,7.0,32.6
2024-10-15,Cancún,24.8,14.9,19.0,50.3,3.9,16.7
2024-10-16,Cancún,29.7,16.2,23.6,71.5,3.2,19.1
2024-10-17,Cancún,27.7,18.4,23.9,44.5,1.0,24.1
2024-10-18,Cancún,32.4,19.0,24.9,72.0,2.2,25.2
2024-10-19,Cancún,25.1,18.6,21.6,42.8,0.3,18.7
2024-10-20,Cancún,32.3,17.8,25.4,46.0,8.5,15.0
2024-10-21,Cancún,28.1,20.1,23.5,70.8,5.4,20.9
2024-10-22,Cancún,31.3,18.7,23.7,71.7,8.0,22.6
2024-10-23,Cancún,35.2,24.4,27.8,56.8,8.7,32.3
2024-10-24,Cancún,23.5,16.0,20.4,74.7,2.5,20.5
2024-10-25,Cancún,25.8,16.7,21.2,72.4,9.1,19.7
2024-10-26,Cancún,29.0,18.5,24.1,41.5,4.1,25.3
2024-10-27,Cancún,32.5,22.3,25.8,74.7,9.8,7.9
2024-10-28,Cancún,31.4,17.8,24.9,89.6,6.2,34.0
2024-10-29,Cancún,33.5,21.4,27.3,75.2,6.7,32.7
2024-10-30,Cancún,25.7,18.2,22.6,50.9,2.7,19.8
2024-10-31,Cancún,25.5,13.5,21.2,45.5,4.8,6.1
2024-11-01,Cancún,29.9,19.8,25.1,47.8,2.5,27.5
2024-11-02,Cancún,28.1,19.0,24.5,47.6,3.0,5.1
2024-11-03,Cancún,26.9,16.0,22.0,58.4,4.0,27.2
2024-11-04,Cancún,29.2,21.0,25.0,70.5,5.7,20.3
2024-11-05,Cancún,31.6,19.3,23.9,88.4,4.6,9.2
2024-11-06,Cancún,29.7,18.0,23.5,66.8,0.2,12.6
2024-11-07,Cancún,30.3,22.3,25.8,52.4,3.9,34.3
2024-11-08,Cancún,32.7,19.6,25.5,73.8,5.8,25.0
2024-11-09,Cancún,28.3,19.1,22.3,64.1,1.1,19.8
2024-11-10,Cancún,26.9,15.2,20.0,87.8,6.0,32.5
2024-11-11,Cancún,31.2,16.4,23.5,85.6,3.0,19.4
2024-11-12,Cancún,31.5,21.4,25.1,52.2,1.3,11.6
2024-11-13,Cancún,31.7,18.0,25.0,57.8,6.8,34.4
2024-11-14,Cancún,28.8,14.7,22.2,46.4,14.8,32.6
2024-11-15,Cancún,29.2,20.0,24.4,64.9,8.1,9.5
2024-11-16,Cancún,31.7,20.1,27.0,59.5,4.4,34.4
2024-11-17,Cancún,35.7,19.9,27.8,61.7,3.8,14.1
2024-11-18,Cancún,28.4,17.8,24.4,66.8,3.1,27.5
2024-11-19,Cancún,31.7,24.5,27.7,82.6,4.7,15.9
2024-11-20,Cancún,34.6,20.2,27.3,43.9,15.9,34.4
2024-11-21,Cancún,33.1,22.5,28.1,49.7,11.3,28.6
2024-11-22,Cancún,32.8,22.0,26.2,61.8,2.6,19.9
2024-11-23,Cancún,30.1,18.3,24.0,75.5,2.4,18.4
2024-11-24,Cancún,31.3,19.3,23.8,49.8,2.8,27.2
2024-11-25,Cancún,33.4,23.8,30.2,72.0,11.9,7.0
2024-11-26,Cancún,25.1,13.4,19.9,68.4,11.8,27.0
2024-11-27,Cancún,27.8,17.4,24.4,86.0,4.5,23.0
2024-11-28,Cancún,29.0,19.6,23.4,68.3,1.9,9.9
2024-11-29,Cancún,31.5,17.0,24.9,63.5,2.0,34.1
2024-11-30,Cancún,35.0,27.7,31.3,63.0,1.6,29.6
2024-12-01,Cancún,34.4,25.6,29.6,58.3,5.4,29.0
2024-12-02,Cancún,25.3,17.3,21.1,41.0,2.2,16.5
2024-12-03,Cancún,27.9,19.5,24.5,50.5,1.9,15.5
2024-12-04,Cancún,34.2,23.1,30.0,89.2,4.3,31.4
2024-12-05,Cancún,30.3,17.5,25.5,62.1,7.5,29.5
2024-12-06,Cancún,30.7,19.3,24.0,43.2,4.1,26.7
2024-12-07,Cancún,29.0,17.4,21.8,74.2,4.8,26.6
2024-12-08,Cancún,35.3,21.5,29.5,61.3,4.6,21.8
2024-12-09,Cancún,25.9,14.5,22.2,83.0,3.9,28.2
2024-12-10,Cancún,29.3,21.9,25.3,67.3,1.9,33.5
2024-12-11,Cancún,32.4,23.2,28.7,42.8,11.3,11.7
2024-12-12,Cancún,28.5,19.5,25.3,46.6,5.6,7.5
2024-12-13,Cancún,26.4,17.0,20.0,71.5,12.2,15.6
2024-12-14,Cancún,31.4,23.8,27.2,66.7,5.1,14.0
2024-12-15,Cancún,34.9,25.0,29.7,45.5,13.1,24.5
2024-12-16,Cancún,32.1,20.7,25.3,79.9,1.6,11.0
2024-12-17,Cancún,31.1,16.9,24.4,51.5,4.1,16.1
2024-12-18,Cancún,30.9,18.5,25.2,60.4,6.3,29.3
2024-12-19,Cancún,30.3,17.9,25.6,46.0,7.8,12.7
2024-12-20,Cancún,33.5,25.5,30.2,63.0,10.3,8.0
2024-12-21,Cancún,35.9,25.8,31.2,73.5,9.2,6.2
2024-12-22,Cancún,30.8,20.4,27.2,75.8,16.2,19.2
2024-12-23,Cancún,35.1,22.9,30.6,51.0,5.5,20.5
2024-12-24,Cancún,36.1,26.3,32.6,68.3,2.7,14.4
2024-12-25,Cancún,37.8,24.5,30.2,74.8,2.3,22.1
2024-12-26,Cancún,29.2,18.0,24.3,48.2,17.0,16.2
2024-12-27,Cancún,33.6,22.9,30.2,69.6,,5.9
2024-12-28,Cancún,30.6,22.7,26.8,78.2,9.0,12.4
2024-12-29,Cancún,39.9,24.8,32.3,61.7,6.1,28.8
2024-12-30,Cancún,30.3,20.8,26.5,65.4,4.0,18.9
